"instagram","nazwa","miasto","email","telefon","www","osoba","zrodlo"
"piripirikebab","Piri-Piri Kebab","Lublin","","889 889 005","https://piripirikebab.pl/","Michał Dudziak","https://piripirikebab.pl/kontakt/"
"akukurestauracja","Restauracja Akuku","Kazimierz Dolny","","+48 534 233 303","","","https://restaurantguru.com/Akuku-Kazimierz-Dolny"
"yummysweetspl","Yummy Sweets","Lublin","mhciasteczko@gmail.com","+48 537 022 364","http://www.yummysweets.pl","Monika Hodała Vel Pietraś","https://panoramafirm.pl/lubelskie,,lublin,g%C5%82%C3%B3wna,41/monika_hodala_vel_pietras_yummy_sweets-znzfgl_ptb.html"
"pizzalover_pl","Pizza Lover","Lublin","shadow0707@o2.pl","+48690652565","https://www.pizzaloverlublin.pl/","","https://pizzalover.eatbu.com/"
"pelier_bistro","Pelier","Lublin","pelier@pelier.pl","+48 572 658 882","https://pelier.pl/","","https://pelier.pl/kontakt/"
"queenmama.lublin","Queen Mama Lublin","Lublin","kontakt@queenmama.pl","","https://queenmama.pl/","Enzo Muratore","https://queenmama.pl/queenmama/"
"ostro_ristoteca","OSTRO","Lublin","ostro.ristoteca@gmail.com","791 792 849","https://ristoteca.pl/","","https://ristoteca.pl/kontakt/"
"chisza","CHISZA","Lublin","lublin@chisza.pl","814652404","https://chisza.pl/","","https://chisza.pl/kontakt/"
"kukulkacukiernia","Kukułka Cukiernie w Warszawie","Warszawa","zamowienia@kukulkacukiernia.pl","+48 883 088 099","https://kukulkacukiernia.pl/","","https://kukulkacukiernia.pl/"
"nocny.portier","Nocny Portier","Lublin","biuro@spektrumbar.com","+48 452 836 820","https://nocnyportier.pl/","","https://nocnyportier.pl/kontakt/"
"dobrapaczkarnia","Dobra Pączkarnia","Rzeszów","kontakt@dobrapaczkarnia.pl","508 577 886","https://dobrapaczkarnia.pl/","Krzysztof Jakubowski","https://dobrapaczkarnia.pl/kontakt/"
"spokojna2","Spokojna2","Lublin","","570 967 112","https://spokojna2.com/","","https://www.gdziezjesc.info/lublin/spokojna2"
"bombardino_trattoria","Bombardino Trattoria Węglin","Lublin","bombardino.restauracja@gmail.com","797 797 370","https://bombardino.lublin.pl/","","https://bombardino.lublin.pl/kontakt/"
"anabilis_lublin","Anabilis","Lublin","","+48 667 000 012","","","https://biznes-top.pl/lublin/kawiarnia/anabilis/"
"bona.lublin","Restauracja Bona","Lublin","bona.rezerwacje@gmail.com","+48 881 334 772","https://restauracjabona.pl/","","https://restauracjabona.pl/kontakt/"
"cukierniachelminska","Cukiernia Chełmińska","Radom","cukierniachelminska@gmail.com","+48 790 808 022","https://cukierniachelminska.pl","","https://cukierniachelminska.pl/kontakt/"
"glodna_malpa","Głodna Małpa","Kielce","","518 142 404","https://glodnamalpa.pl/","","https://glodnamalpa.pl/kielce/"
"ciachobezcukru","Ciacho bez Cukru","Lublin","kontakt@ciachobezcukru.pl","575 565 001","https://ciachobezcukru.pl","","https://ciachobezcukru.pl"
"rzeszowskiekulinaria","Rzeszowskie Kulinaria","Rzeszów","biuro@rzeszowskiekulinaria.pl","799 900 680","https://rzeszowskiekulinaria.pl/","","https://rzeszowskiekulinaria.pl/"
"rzeszuff","Restauracja Rzeszuff","Rzeszów","","+48 781 456 016","https://rzeszuff.pl","","https://rzeszuff.pl/kontakt"
"chisza_nad_zalewem","Chisza nad Zalewem","Lublin","zalew@chisza.pl","+48 81 465 22 77","https://chisza-zalew.pl/","","https://chisza-zalew.pl/"
"dirtyjoe_lublin","Dirty Joe Lublin","Lublin","kontakt@dirtyjoe.pl","","https://dirtyjoe.pl","","https://dirtyjoe.pl/"
"zawijane_cinnamonrolls_lublin","Zawijane Cinnamon Rolls Bakery","Lublin","","","","",""
"lepetitreve2020","Le Petit Reve Piekarnia Kawiarnia","Rzeszów","info@lepetitreve.pl","501 470 079","https://lepetitreve.pl/","","https://lepetitreve.pl/"
"sandomierska.manufaktura.lodow","Sandomierska Manufaktura Lodów","Lublin","","+48 693 953 909","https://www.facebook.com/sandomierskamanufakturalodow/","","https://local-food.pl/sandomierz/sandomierska-manufaktura-lodow/"
"mraucafe","Mrau Cafe","Lublin","","+48 502 220 405","https://mraucafe.pl/","","https://biznes-top.pl/lublin/kawiarnia/mrau-cafe/"
"ima_sushi_rzeszow","Ima Sushi","Rzeszów","rzeszow@imasushi.pl","+48 606 440 888","https://imasushi.pl","","https://imasushi.pl/kontakt/"
"sapori899_rzeszow","Sapori di Napoli","Rzeszów","restauracja@sapori.pl","+48 513 513 573","https://sapori.pl","","https://sapori.pl/"
"dara_kebab","DARA Kebab","Rzeszów","kontakt@darakebab.pl","17-853-87-97","https://darakebab.pl","","https://darakebab.pl/?strona=kontakt&lang=pl"
"rykowiskolublin","Pizzeria Rykowisko","Lublin","","511-768-020","","","https://www.facebook.com/rykowiskolublin/"
"starypiernik","Stary Piernik","Rzeszów","biuro@stary-piernik.pl","17 25 000 78","https://stary-piernik.pl/","","https://stary-piernik.pl/kontakt/"
"smash_chickz","Smash&Chickz","Lublin","kontakt@smashnchickz.pl","889 889 005","https://smashnchickz.pl/","","https://smashnchickz.pl/kontakt/"
"biancaeliviapizza","Bianca e Livia BeL Pizza Napoletana","Lublin","","+48 574 747 767","https://bellublin.pl/","Wojciech Kwiatkowski","https://bellublin.pl/"
"restauracjafuente","Fuente Restaurant & Tapas Bar","Rzeszów","manager@restauracjafuente.pl","17 777 12 20","https://restauracjafuente.pl/","","https://restauracjafuente.pl/kontakt/"
"hamsakazimierzdolny","Hamsa","Kazimierz Dolny","","536 248 000","","","https://hotelekazimierzdolny.pl/restauracje/hamsa-resto"
"zori_sushi_restaurant","Zori Sushi","Rzeszów","","+48 17 862 72 10","https://www.zorisushi.pl/","","https://pl.near-place.com/zori-sushi-3-maja-3-rzeszow"
"restauracja.mandragora","Mandragora","Lublin","mandragorarestauracja@gmail.com","+48 81 536 20 20","https://mandragora.lublin.pl/","Izabela Kozłowska-Dechnik","https://mandragora.lublin.pl/kontakt/"
"michele_arcangelo_pizzeria","Michele Arcangelo Pizzeria","Biała Podlaska","rychlikmisiek@gmail.com","+48 696 930 666","","Michał Rychlik","https://www.pizzanapoletana.org/en/associati/860-michele_arcangelo_pizzeria"
"cafe_mari","Cafe Mari","Lublin","biuro@cafemari.pl","+48 533 779 442","https://cafemari.pl/","","https://cafemari.pl/bistro.html"
"aromacaffee","AROMA COFFEE","Warszawa","biuro@aromatkawy.com","+48 692 268 635","https://aromatkawy.com/","","https://aromatkawy.com/kontakt/"
"perlowapijalniapiwa","Perłowa Pijalnia Piwa","Lublin","perlowa@perla.pl","81 710 12 05","https://perlowapijalniapiwa.pl/","","https://perlowapijalniapiwa.pl/kontakt/"
"osama_sushi_rzeszow","Osama Sushi","Rzeszów","kontakt@osamasushi.com","453 141 042","https://osamasushi.com/","","https://osamasushi.com/pl"
"pstragowo","Pstrągowo","Chełm","grzegorzjakimiak@wp.pl","+48 692 302 285","https://pstragowo.eatbu.com/","Grzegorz Jakimiak","https://pstragowo.eatbu.com/"
"zyto.rest","Zyto","Lublin","","","","",""
"unopizzanapoletana","UNO Pizza Napoletana","Kielce","","789 106 644","https://unopizzanapoletana.pl/","","https://unopizzanapoletana.pl/kontakt"
"the_optimist_lublin","The Optimist","Lublin","2025theoptimist@gmail.com","+48 512 738 611","","Łukasz Chwyć","https://www.gowork.pl/the-optimist-lukasz-chwyc,27137825/dane-kontaktowe-firmy"
"canottolublin","Canotto","Lublin","","","","Radosław Staszczak","https://www.gowork.pl/canotto-radoslaw-staszczak,26350885/dane-kontaktowe-firmy"
"munchieslublin","Munchies Lublin","Lublin","kontakt@munchies.pl","+48 574 600 108","https://www.munchies.pl","","https://www.munchies.pl/kontakt"
"siedemcztery.pizza","SiedemCztery Pizza","Łuków","siedemczterypizza@gmail.com","578 037 436","https://pizza74.pl","","https://pizza74.pl/zamow/"
"czarna_owca_gastro_pub","Czarna Owca Gastro Pub","Lublin","czarnaowcagastropub@gmail.com","+48 81 532 41 30","http://www.czarnaowcagastropub.pl/","","https://lublin.eu/turystyka/lublin-smakow/puby/czarna-owca-gastro-pub,8921,w.html"
"kawiarnia.niewylej","Nie Wylej","Lublin","niewylej@gmail.com","+48 797 107 722","https://niewylej.pl/","","https://niewylej.pl/"
"greenhousebistroweganskie","GreenHouse Bistro Wegańskie","Lublin","","570 631 763","https://www.greenhousebistroweganskie.pl/","Grzegorz Majocha","https://24jgora.pl/firma/greenhouse-bistro-weganskie-m32384"
"osteriabellanuna_rzeszow","Osteria Bellanuna","Rzeszów","osteria@bellanuna.pl","+48 515 516 500","https://bellanuna.pl","Rafał Krępa","https://bellanuna.pl/kontakt/"
"freshjuicekielce","Fresh Juice Kielce","Kielce","","","","",""
"nabutok_sushi_rz","Nabutok Sushi","Rzeszów","","+48 788 809 333","https://rzeszow.nabutok.com.pl/","","https://wolt.com/en/pol/rzeszow/restaurant/nabutok-sushi"
"capo_pizza_cucina_italiana","Capo Pizza Cucina Italiana","Lublin","","+48 789 262 409","","","https://restaurantguru.com/Pizzeria-Capo-Lublin"
"dlaprzyjaciol","Dla Przyjaciół Diana","Biała Podlaska","catering@catering-diana.pl","502 631 863","https://www.catering-diana.pl/dla-przyjaciol-diana","","https://www.catering-diana.pl/kontakt"
"milosc_speciality","MIŁOŚĆ Kawiarnia","Warszawa","","","","",""
"co_slodkie_to_dobre","Co słodkie, to dobre (Magdalena Bełniak)","Lublin","","","","Magdalena Bełniak","https://panoramafirm.pl/lubelskie,,lublin,popieluszki,28d_lok._2/co_slodkie_to_dobre_magdalena_belniak-zyppps_sjj.html"
"almetro.rzeszow","Al Metro","Rzeszów","kontakt@almetro.pl","+17 859 00 92","https://almetro.pl","Joanna & Jerzy Wdowiarz","https://almetro.pl/kontakt/"
"swietyspokoj_cafe","Święty Spokój Music Cafe","Lublin","swietyspokojcafe@gmail.com","+48533324488","","","https://swiety-spokoj-music-cafe.eatbu.com/?lang=pl"
"slodkiebistro","Słodkie Bistro","Lublin","","+48 576 567 815","https://www.facebook.com/slodkiebistro/","Daniel Jaszczyński","https://cafenoir.pl/lublin/s%C5%82odkie-bistro/"
"burger_boy_rzeszow","Burger Boy","Rzeszów","","+48 794 955 497","https://burgerboy.order.dish.co/menus","","https://restaurantguru.com/Burger-Boy-Rzeszow-Rzeszow"
"corka_piekarza_lublin","Córka Piekarza","Lublin","","","https://www.instagram.com/corka_piekarza_lublin/","",""
"encepencepizzeria","EncePence Pizzeria","Lublin","info@encepence-pizza.pl","81 444 96 00","https://encepence-pizza.pl/","","https://encepence-pizza.pl/kontakt"
"kawiarniakawalek","Kawałek Specialty Coffee","Lublin","kawiarnia@kawiarniakawalek.pl","513 172 939","https://kawiarniakawalek.pl","","https://www.kawowamapa.pl/kawiarni/kawiarnia-kawalek/"
"hoshi_sushi_restaurant","Hoshi Sushi","Rzeszów","","+48 666 266 004","https://www.hoshisushi.pl/","","https://www.hoshisushiramen.pl/kontakt"
"cafepietro","Piętro Cafe","Rzeszów","","","","",""
"kaslik.kazimierzdolny","Restauracja Kaslik","Kazimierz Dolny","restauracja@kaslik.pl","667 862 804","https://kaslik.pl/","","https://kaslik.pl/"
"creamycafelublin","Creamy Cafe","Lublin","","+48 885 362 555","https://web.facebook.com/CreamyCafeLublin/","","https://cafenoir.pl/lublin/creamy-cafe/"
"missione.pizza.rzeszow","Missione Pizza","Rzeszów","","+48 506 674 777","https://missione.pl/","Piotr Rygiel","https://missione.pl/"
"goodmood.lublin","Good Mood bistro cafe","Lublin","","+48 730 270 980","https://www.facebook.com/Good-Mood-106332065025198/","","https://przemekszczotko.pl/lublin/good-mood-bistro-cafe/"
"whitebearcoffeelublin","White Bear Coffee Lublin","Lublin","manager@whitebearcoffee.pl","+48 451 209 784","https://thewhitebearcoffee.pl/","Łukasz Kaliciński","https://thewhitebearcoffee.pl/kontakt"
"bulkaikromka","Bułka i Kromka","Lublin","info@adampol.info","+48 730 777 541","https://bulkaikromka.pl/","","https://bulkaikromka.pl/kontakt/"
"restauracjawietnamskalublin","Phúc Lublin","Lublin","","","","",""
"u_fotografa","U Fotografa Craft Beer Pub","Lublin","ufotografa@gmail.com","81 710 73 41","ufotografa.pl","","https://ufotografa.pl/kontakt/"
"royalchocolat_","Royal Chocolat","Lublin","info@royalchocolat.com","883 911 661","royalchocolat.com","Arkadiusz Sokołowski","https://panoramafirm.pl/"
"kalyna.lublin","Kalyna Kuchnia Ukraińska","Lublin","theborschlublin@gmail.com","+48 517 575 687","kalynalublin.pl","Roman Krasovskyi","https://kalynalublin.makro.rest/"
"lodyportofino","Lodziarnia Portofino","Lublin","","81 750 03 90","","","https://lublin.eu/turystyka/lublin-smakow/lodziarnie/"
"parownia_dim_sum_lublin","Parownia Dim Sum Bar","Lublin","","","parownia.com.pl","",""
"piekarnia_otwarta","Piekarnia Otwarta","Lublin","piekarnia@otwarta.eu","784 445 511","otwarta.eu","","https://piekarniaotwarta.orderye.pl/cooperation"
"red_rock_city","Red Rock City","Lublin","","","redrockcitylublin.pl","","https://www.redrockcitylublin.pl/"
"abcpizzalublin","ABC Pizza Lublin","Lublin","","","","",""
"masami_lublin","Masami / Josei Sushi","Lublin","","","masamisushi.pl","",""
"pubuszewca","Irish Pub u Szewca","Lublin","info@uszewca.pl","+48 505 385 844","uszewca.pl","Paweł Klauda","https://uszewca.pl/"
"namasthai_restauracja","Namasthai","Lublin","","","","",""
"cukierniawilliams","Cukiernia Williams","Lublin","","+48 502 548 024","williams.pl","","https://restaurantguru.com/Cukiernia-Williams-Lublin"
"cafebabyhouse_lublin","Cafe Baby House","Lublin","","","","",""
"crazybubble_lublin_vivo","Crazy Bubble Lublin (Vivo)","Lublin","info@crazybubble.pl","+48 666 561 361","crazybubble.pl","","https://crazybubble.pl/kontakt"
"trattoria.bagatto.pizzeria","Trattoria Bagatto Pizzeria","Lublin","","","","",""
"lavistapizza","La Vista Pizza","Lublin","","573 827 890","https://www.instagram.com/lavistapizza","","https://lublin360.pl/firma/la-vista-pizza/"
"johnnysmashburger.pl","Johnny Smash Burger","Lublin","","571 533 259","","","https://lublin360.pl/firma/johnny-smash-burger/"
"kamienica_bistro_cafe","Kamienica bistro&cafe","Lublin","","+48 608 379 052","","","https://restauracjeblisko.pl/?page_id=85766"
"cafepatisserie_lublin","Cafè Pâtisserie","Lublin","","","","",""
"cyngwajs.lbn","Cyngwajs","Lublin","cyngwajspl@interia.pl","531711111","https://cyngwajs.pl","","https://cyngwajs.mikrowitryna.pl/"
"tutti.gusti.lublin","Tutti Gusti Lublin Pizza Pasta","Lublin","","81 781 91 19","www.tuttigusti.pl","","https://lublin360.pl/firma/tutti-gusti/"
"pizzaraggio7","Pizza Raggio 7","Lublin","","790 337 388","","","https://lublin360.pl/firma/pizza-raggio-7/"
"plackarniapl","Plackarnia","Lublin","","690 919 006","https://www.plackarnia.pl","","https://lublin360.pl/firma/plackarnia/"
"lu.8lin","Lu'Blin Naleśniki i Kawa","Lublin","","","","",""
"hanoinu.lublin","Hanoi n U","Lublin","keny.levan@gmail.com","660496896","https://hanoinu.pl","","https://hanoinu.pl"
"takimykfoodtruck","Taki Myk! Food Truck","Lublin","","790 509 780","https://taki-myk.pl","","https://lublin360.pl/firma/taki-myk/"
"cafeinsieme","Cafe Insieme","Lublin","","","","",""
"chatka_cafe","Chatka Café","Lublin","","","","",""
"nalesnikarniazadora","Zadora Nalesnikarnia Francuska","Lublin","","","","",""
"slodkoslodkolublin","Słodko Słodko","Lublin","","","","",""
"hyziakgastrobar","Hyziak GastroBar","Lublin","hyziakszymon@gmail.com","+48 574 018 840","https://hyziakgastrobar.eatbu.com/","Szymon Hyziak","https://hyziakgastrobar.eatbu.com/"
"munchiesstreetfood","Munchies Street Food","Lublin","kontakt@munchies.pl","+48 574 600 108","https://www.munchies.pl","","https://www.munchies.pl/kontakt"
"cukierniachmielewski","Cukiernia Chmielewski","Lublin","cukiernia@chmielewski.lublin.pl","81 532 73 23","https://chmielewski.lublin.pl","","https://chmielewski.lublin.pl/kontakt/"
"lody_amore_mio","Amore Mio Lody Produkcji Własnej","Lublin","","","","",""
"holatacoslublin","Hola Tacos","Lublin","","","","",""
"indyjskie_curry_restauracja","Indyjskie Curry","Lublin","","","","",""
"wedel_lublin","Pijalnia Czekolady E.Wedel Lublin","Lublin","","","","",""
"kebab_turecki","Kebab Turecki Lublin","Lublin","","","","",""
"maxipizzalublin","Maxi Pizza Lublin","Lublin","","","","",""
"hotelbrowarlwow","Hotel Restauracja Browar Lwów","Lublin","","","","",""
"palarniakawytakawa","Palarnia Kawy Takawa","Lublin","biuro@takawa.pl","+48 536520887","https://kupkawe.pl","","https://kupkawe.pl/"
"dostanakebab.lublin","Dostana Kebab","Lublin","","","","",""
"centralparklublin","Kawiarnia Central Park","Lublin","","","","",""
"mimi_pizza_lublin","Mimi Pizza","Lublin","","","","",""
"okopovacafe","Okopova Cafe","Lublin","","","","",""

### NOTATKI
Najjasniejszy kontakt do wlasciciela maja lokale prowadzone pod imieniem i nazwiskiem albo jednoosobowa firma: Co slodkie to dobre (Magdalena Belniak), The Optimist (Lukasz Chwyc), Canotto (Radoslaw Staszczak), Slodkie Bistro (Daniel Jaszczynski), Hyziak GastroBar (Szymon Hyziak) i Al Metro (Joanna i Jerzy Wdowiarz) - tam mail trafia wprost do decydenta.
Druga grupa to lokale autorskie z nazwiskiem szefa wyeksponowanym na stronie O nas lub w wywiadach: Queen Mama i Sexy Duck (Enzo Muratore), Bianca e Livia (Wojciech Kwiatkowski), Mandragora (Izabela Kozlowska-Dechnik), Michele Arcangelo (Michal Rychlik), Osteria Bellanuna (Rafal Krepa), Royal Chocolat (Arkadiusz Sokolowski), Kalyna (Roman Krasovskyi), Irish Pub u Szewca (Pawel Klauda) i Pstragowo (Grzegorz Jakimiak).
Sieci i lokale hotelowe (Dobra Paczkarnia, Perlowa Pijalnia Piwa, Crazy Bubble, Da Grasso, Piri-Piri Kebab) maja maile centralne typu biuro@ lub kontakt@ - pisac tam warto, ale decyzja o lojalnosci idzie przez marketing, nie przez managera lokalu.
Najslabsze leady to kawiarnie i cukiernie prowadzone wylacznie przez Instagram i Facebooka (Zawijane Cinnamon Rolls, Mrau Cafe, Fresh Juice Kielce, Zyto, Sandomierska Manufaktura Lodow) - brak strony WWW i brak jakiegokolwiek publicznego maila, tu jedyna droga to DM na IG.
Dla ok. 30 pozycji mamy tylko telefon - to nadal dobry lead do cold callu, bo w malej gastronomii numer podany na stronie zwykle odbiera wlasciciel albo manager zmiany.
