instagram,nazwa,miasto,status,zrodlo,uwaga
"@benvenuti_pizza","Benvenuti","Radom","NIEZWERYFIKOWANE","instagram.com login-wall; imginn.com/picuki.com 403; dumpor.io JS-wall","Instagram zwraca login-wall dla niezalogowanych zapytan (potwierdzone na probce: benvenuti_pizza, proza_bistro, americandreamradom, lubudububar, faraon_kebab_radom - zawsze identyczna generyczna strona logowania bez danych profilu); mirrory imginn.com i picuki.com zwracaja 403 Forbidden; dumpor.io wymaga JS-owej weryfikacji (Cloudflare), niedostepnej dla fetchera. Metoda 3 (restaurantguru/strona WWW) sprawdzona na probce - niewiarygodna/nieskalowalna w limicie czasu (np. restaurantguru zwraca 404 dla wyszukiwan, a strony WWW lokali rzadko linkuja bezposrednio do IG). Brak potwierdzenia w czasie 15 minut."
"@proza_bistro","PROZA Bistro Pizza & Pasta","Radom","NIEZWERYFIKOWANE","instagram.com login-wall; imginn.com/picuki.com 403; dumpor.io JS-wall","Instagram zwraca login-wall dla niezalogowanych zapytan (potwierdzone na probce: benvenuti_pizza, proza_bistro, americandreamradom, lubudububar, faraon_kebab_radom - zawsze identyczna generyczna strona logowania bez danych profilu); mirrory imginn.com i picuki.com zwracaja 403 Forbidden; dumpor.io wymaga JS-owej weryfikacji (Cloudflare), niedostepnej dla fetchera. Metoda 3 (restaurantguru/strona WWW) sprawdzona na probce - niewiarygodna/nieskalowalna w limicie czasu (np. restaurantguru zwraca 404 dla wyszukiwan, a strony WWW lokali rzadko linkuja bezposrednio do IG). Brak potwierdzenia w czasie 15 minut."
"@americandreamradom","American Dream Restaurant","Radom","NIEZWERYFIKOWANE","instagram.com login-wall; imginn.com/picuki.com 403; dumpor.io JS-wall","Instagram zwraca login-wall dla niezalogowanych zapytan (potwierdzone na probce: benvenuti_pizza, proza_bistro, americandreamradom, lubudububar, faraon_kebab_radom - zawsze identyczna generyczna strona logowania bez danych profilu); mirrory imginn.com i picuki.com zwracaja 403 Forbidden; dumpor.io wymaga JS-owej weryfikacji (Cloudflare), niedostepnej dla fetchera. Metoda 3 (restaurantguru/strona WWW) sprawdzona na probce - niewiarygodna/nieskalowalna w limicie czasu (np. restaurantguru zwraca 404 dla wyszukiwan, a strony WWW lokali rzadko linkuja bezposrednio do IG). Brak potwierdzenia w czasie 15 minut."
"@lubudububar","Łubu Dubu Burger House","Radom","NIEZWERYFIKOWANE","instagram.com login-wall; imginn.com/picuki.com 403; dumpor.io JS-wall","Instagram zwraca login-wall dla niezalogowanych zapytan (potwierdzone na probce: benvenuti_pizza, proza_bistro, americandreamradom, lubudububar, faraon_kebab_radom - zawsze identyczna generyczna strona logowania bez danych profilu); mirrory imginn.com i picuki.com zwracaja 403 Forbidden; dumpor.io wymaga JS-owej weryfikacji (Cloudflare), niedostepnej dla fetchera. Metoda 3 (restaurantguru/strona WWW) sprawdzona na probce - niewiarygodna/nieskalowalna w limicie czasu (np. restaurantguru zwraca 404 dla wyszukiwan, a strony WWW lokali rzadko linkuja bezposrednio do IG). Brak potwierdzenia w czasie 15 minut."
"@faraon_kebab_radom","Faraon Kebab","Radom","NIEZWERYFIKOWANE","instagram.com login-wall; imginn.com/picuki.com 403; dumpor.io JS-wall","Instagram zwraca login-wall dla niezalogowanych zapytan (potwierdzone na probce: benvenuti_pizza, proza_bistro, americandreamradom, lubudububar, faraon_kebab_radom - zawsze identyczna generyczna strona logowania bez danych profilu); mirrory imginn.com i picuki.com zwracaja 403 Forbidden; dumpor.io wymaga JS-owej weryfikacji (Cloudflare), niedostepnej dla fetchera. Metoda 3 (restaurantguru/strona WWW) sprawdzona na probce - niewiarygodna/nieskalowalna w limicie czasu (np. restaurantguru zwraca 404 dla wyszukiwan, a strony WWW lokali rzadko linkuja bezposrednio do IG). Brak potwierdzenia w czasie 15 minut."
"@kebab_u_pajdy_radom","Kebab u Pajdy","Radom","NIEZWERYFIKOWANE","instagram.com login-wall; imginn.com/picuki.com 403; dumpor.io JS-wall","Instagram zwraca login-wall dla niezalogowanych zapytan (potwierdzone na probce: benvenuti_pizza, proza_bistro, americandreamradom, lubudububar, faraon_kebab_radom - zawsze identyczna generyczna strona logowania bez danych profilu); mirrory imginn.com i picuki.com zwracaja 403 Forbidden; dumpor.io wymaga JS-owej weryfikacji (Cloudflare), niedostepnej dla fetchera. Metoda 3 (restaurantguru/strona WWW) sprawdzona na probce - niewiarygodna/nieskalowalna w limicie czasu (np. restaurantguru zwraca 404 dla wyszukiwan, a strony WWW lokali rzadko linkuja bezposrednio do IG). Brak potwierdzenia w czasie 15 minut."
"@samiraradom","Samira Kebab Cafe Bar","Radom","NIEZWERYFIKOWANE","instagram.com login-wall; imginn.com/picuki.com 403; dumpor.io JS-wall","Instagram zwraca login-wall dla niezalogowanych zapytan (potwierdzone na probce: benvenuti_pizza, proza_bistro, americandreamradom, lubudububar, faraon_kebab_radom - zawsze identyczna generyczna strona logowania bez danych profilu); mirrory imginn.com i picuki.com zwracaja 403 Forbidden; dumpor.io wymaga JS-owej weryfikacji (Cloudflare), niedostepnej dla fetchera. Metoda 3 (restaurantguru/strona WWW) sprawdzona na probce - niewiarygodna/nieskalowalna w limicie czasu (np. restaurantguru zwraca 404 dla wyszukiwan, a strony WWW lokali rzadko linkuja bezposrednio do IG). Brak potwierdzenia w czasie 15 minut."
"@czasnachleb","Czas na Chleb","Radom","NIEZWERYFIKOWANE","instagram.com login-wall; imginn.com/picuki.com 403; dumpor.io JS-wall","Instagram zwraca login-wall dla niezalogowanych zapytan (potwierdzone na probce: benvenuti_pizza, proza_bistro, americandreamradom, lubudububar, faraon_kebab_radom - zawsze identyczna generyczna strona logowania bez danych profilu); mirrory imginn.com i picuki.com zwracaja 403 Forbidden; dumpor.io wymaga JS-owej weryfikacji (Cloudflare), niedostepnej dla fetchera. Metoda 3 (restaurantguru/strona WWW) sprawdzona na probce - niewiarygodna/nieskalowalna w limicie czasu (np. restaurantguru zwraca 404 dla wyszukiwan, a strony WWW lokali rzadko linkuja bezposrednio do IG). Brak potwierdzenia w czasie 15 minut."
"@piekarnia.cukiernia.gajda","Piekarnia Cukiernia Gajda","Radom","NIEZWERYFIKOWANE","instagram.com login-wall; imginn.com/picuki.com 403; dumpor.io JS-wall","Instagram zwraca login-wall dla niezalogowanych zapytan (potwierdzone na probce: benvenuti_pizza, proza_bistro, americandreamradom, lubudububar, faraon_kebab_radom - zawsze identyczna generyczna strona logowania bez danych profilu); mirrory imginn.com i picuki.com zwracaja 403 Forbidden; dumpor.io wymaga JS-owej weryfikacji (Cloudflare), niedostepnej dla fetchera. Metoda 3 (restaurantguru/strona WWW) sprawdzona na probce - niewiarygodna/nieskalowalna w limicie czasu (np. restaurantguru zwraca 404 dla wyszukiwan, a strony WWW lokali rzadko linkuja bezposrednio do IG). Brak potwierdzenia w czasie 15 minut."
"@piekarniakazana","Piekarnia Kazana","Radom","NIEZWERYFIKOWANE","instagram.com login-wall; imginn.com/picuki.com 403; dumpor.io JS-wall","Instagram zwraca login-wall dla niezalogowanych zapytan (potwierdzone na probce: benvenuti_pizza, proza_bistro, americandreamradom, lubudububar, faraon_kebab_radom - zawsze identyczna generyczna strona logowania bez danych profilu); mirrory imginn.com i picuki.com zwracaja 403 Forbidden; dumpor.io wymaga JS-owej weryfikacji (Cloudflare), niedostepnej dla fetchera. Metoda 3 (restaurantguru/strona WWW) sprawdzona na probce - niewiarygodna/nieskalowalna w limicie czasu (np. restaurantguru zwraca 404 dla wyszukiwan, a strony WWW lokali rzadko linkuja bezposrednio do IG). Brak potwierdzenia w czasie 15 minut."
"@cukiernia_grzeszczyk","Cukiernia Grzeszczyk","Radom","NIEZWERYFIKOWANE","instagram.com login-wall; imginn.com/picuki.com 403; dumpor.io JS-wall","Instagram zwraca login-wall dla niezalogowanych zapytan (potwierdzone na probce: benvenuti_pizza, proza_bistro, americandreamradom, lubudububar, faraon_kebab_radom - zawsze identyczna generyczna strona logowania bez danych profilu); mirrory imginn.com i picuki.com zwracaja 403 Forbidden; dumpor.io wymaga JS-owej weryfikacji (Cloudflare), niedostepnej dla fetchera. Metoda 3 (restaurantguru/strona WWW) sprawdzona na probce - niewiarygodna/nieskalowalna w limicie czasu (np. restaurantguru zwraca 404 dla wyszukiwan, a strony WWW lokali rzadko linkuja bezposrednio do IG). Brak potwierdzenia w czasie 15 minut."
"@piekarnia.cukiernia.pastuszka","Piekarnia Cukiernia Pastuszka","Radom","NIEZWERYFIKOWANE","instagram.com login-wall; imginn.com/picuki.com 403; dumpor.io JS-wall","Instagram zwraca login-wall dla niezalogowanych zapytan (potwierdzone na probce: benvenuti_pizza, proza_bistro, americandreamradom, lubudububar, faraon_kebab_radom - zawsze identyczna generyczna strona logowania bez danych profilu); mirrory imginn.com i picuki.com zwracaja 403 Forbidden; dumpor.io wymaga JS-owej weryfikacji (Cloudflare), niedostepnej dla fetchera. Metoda 3 (restaurantguru/strona WWW) sprawdzona na probce - niewiarygodna/nieskalowalna w limicie czasu (np. restaurantguru zwraca 404 dla wyszukiwan, a strony WWW lokali rzadko linkuja bezposrednio do IG). Brak potwierdzenia w czasie 15 minut."
"@slodkistolbypastuszka","Słodkie Stoły by Pastuszka","Radom","NIEZWERYFIKOWANE","instagram.com login-wall; imginn.com/picuki.com 403; dumpor.io JS-wall","Instagram zwraca login-wall dla niezalogowanych zapytan (potwierdzone na probce: benvenuti_pizza, proza_bistro, americandreamradom, lubudububar, faraon_kebab_radom - zawsze identyczna generyczna strona logowania bez danych profilu); mirrory imginn.com i picuki.com zwracaja 403 Forbidden; dumpor.io wymaga JS-owej weryfikacji (Cloudflare), niedostepnej dla fetchera. Metoda 3 (restaurantguru/strona WWW) sprawdzona na probce - niewiarygodna/nieskalowalna w limicie czasu (np. restaurantguru zwraca 404 dla wyszukiwan, a strony WWW lokali rzadko linkuja bezposrednio do IG). Brak potwierdzenia w czasie 15 minut."
"@bankazmlekiem","Bańka z Mlekiem","Radom","NIEZWERYFIKOWANE","instagram.com login-wall; imginn.com/picuki.com 403; dumpor.io JS-wall","Instagram zwraca login-wall dla niezalogowanych zapytan (potwierdzone na probce: benvenuti_pizza, proza_bistro, americandreamradom, lubudububar, faraon_kebab_radom - zawsze identyczna generyczna strona logowania bez danych profilu); mirrory imginn.com i picuki.com zwracaja 403 Forbidden; dumpor.io wymaga JS-owej weryfikacji (Cloudflare), niedostepnej dla fetchera. Metoda 3 (restaurantguru/strona WWW) sprawdzona na probce - niewiarygodna/nieskalowalna w limicie czasu (np. restaurantguru zwraca 404 dla wyszukiwan, a strony WWW lokali rzadko linkuja bezposrednio do IG). Brak potwierdzenia w czasie 15 minut."
"@mlecznaradom","Mleczna Radom","Radom","NIEZWERYFIKOWANE","instagram.com login-wall; imginn.com/picuki.com 403; dumpor.io JS-wall","Instagram zwraca login-wall dla niezalogowanych zapytan (potwierdzone na probce: benvenuti_pizza, proza_bistro, americandreamradom, lubudububar, faraon_kebab_radom - zawsze identyczna generyczna strona logowania bez danych profilu); mirrory imginn.com i picuki.com zwracaja 403 Forbidden; dumpor.io wymaga JS-owej weryfikacji (Cloudflare), niedostepnej dla fetchera. Metoda 3 (restaurantguru/strona WWW) sprawdzona na probce - niewiarygodna/nieskalowalna w limicie czasu (np. restaurantguru zwraca 404 dla wyszukiwan, a strony WWW lokali rzadko linkuja bezposrednio do IG). Brak potwierdzenia w czasie 15 minut."
"@dwa_swiaty_radom","Dwa Światy","Radom","NIEZWERYFIKOWANE","instagram.com login-wall; imginn.com/picuki.com 403; dumpor.io JS-wall","Instagram zwraca login-wall dla niezalogowanych zapytan (potwierdzone na probce: benvenuti_pizza, proza_bistro, americandreamradom, lubudububar, faraon_kebab_radom - zawsze identyczna generyczna strona logowania bez danych profilu); mirrory imginn.com i picuki.com zwracaja 403 Forbidden; dumpor.io wymaga JS-owej weryfikacji (Cloudflare), niedostepnej dla fetchera. Metoda 3 (restaurantguru/strona WWW) sprawdzona na probce - niewiarygodna/nieskalowalna w limicie czasu (np. restaurantguru zwraca 404 dla wyszukiwan, a strony WWW lokali rzadko linkuja bezposrednio do IG). Brak potwierdzenia w czasie 15 minut."
"@meritumrestaurant","Restauracja Meritum","Radom","NIEZWERYFIKOWANE","instagram.com login-wall; imginn.com/picuki.com 403; dumpor.io JS-wall","Instagram zwraca login-wall dla niezalogowanych zapytan (potwierdzone na probce: benvenuti_pizza, proza_bistro, americandreamradom, lubudububar, faraon_kebab_radom - zawsze identyczna generyczna strona logowania bez danych profilu); mirrory imginn.com i picuki.com zwracaja 403 Forbidden; dumpor.io wymaga JS-owej weryfikacji (Cloudflare), niedostepnej dla fetchera. Metoda 3 (restaurantguru/strona WWW) sprawdzona na probce - niewiarygodna/nieskalowalna w limicie czasu (np. restaurantguru zwraca 404 dla wyszukiwan, a strony WWW lokali rzadko linkuja bezposrednio do IG). Brak potwierdzenia w czasie 15 minut."
"@parkowa_radom","Restauracja Parkowa","Radom","NIEZWERYFIKOWANE","instagram.com login-wall; imginn.com/picuki.com 403; dumpor.io JS-wall","Instagram zwraca login-wall dla niezalogowanych zapytan (potwierdzone na probce: benvenuti_pizza, proza_bistro, americandreamradom, lubudububar, faraon_kebab_radom - zawsze identyczna generyczna strona logowania bez danych profilu); mirrory imginn.com i picuki.com zwracaja 403 Forbidden; dumpor.io wymaga JS-owej weryfikacji (Cloudflare), niedostepnej dla fetchera. Metoda 3 (restaurantguru/strona WWW) sprawdzona na probce - niewiarygodna/nieskalowalna w limicie czasu (np. restaurantguru zwraca 404 dla wyszukiwan, a strony WWW lokali rzadko linkuja bezposrednio do IG). Brak potwierdzenia w czasie 15 minut."
"@square.restaurant.coctails","SQUARE Restaurant & Coctails","Radom","NIEZWERYFIKOWANE","instagram.com login-wall; imginn.com/picuki.com 403; dumpor.io JS-wall","Instagram zwraca login-wall dla niezalogowanych zapytan (potwierdzone na probce: benvenuti_pizza, proza_bistro, americandreamradom, lubudububar, faraon_kebab_radom - zawsze identyczna generyczna strona logowania bez danych profilu); mirrory imginn.com i picuki.com zwracaja 403 Forbidden; dumpor.io wymaga JS-owej weryfikacji (Cloudflare), niedostepnej dla fetchera. Metoda 3 (restaurantguru/strona WWW) sprawdzona na probce - niewiarygodna/nieskalowalna w limicie czasu (np. restaurantguru zwraca 404 dla wyszukiwan, a strony WWW lokali rzadko linkuja bezposrednio do IG). Brak potwierdzenia w czasie 15 minut."
"@kraftbistro","Kraftbistro","Radom","NIEZWERYFIKOWANE","instagram.com login-wall; imginn.com/picuki.com 403; dumpor.io JS-wall","Instagram zwraca login-wall dla niezalogowanych zapytan (potwierdzone na probce: benvenuti_pizza, proza_bistro, americandreamradom, lubudububar, faraon_kebab_radom - zawsze identyczna generyczna strona logowania bez danych profilu); mirrory imginn.com i picuki.com zwracaja 403 Forbidden; dumpor.io wymaga JS-owej weryfikacji (Cloudflare), niedostepnej dla fetchera. Metoda 3 (restaurantguru/strona WWW) sprawdzona na probce - niewiarygodna/nieskalowalna w limicie czasu (np. restaurantguru zwraca 404 dla wyszukiwan, a strony WWW lokali rzadko linkuja bezposrednio do IG). Brak potwierdzenia w czasie 15 minut."
"@planty9bistro","Planty 9 Bistro","Radom","NIEZWERYFIKOWANE","instagram.com login-wall; imginn.com/picuki.com 403; dumpor.io JS-wall","Instagram zwraca login-wall dla niezalogowanych zapytan (potwierdzone na probce: benvenuti_pizza, proza_bistro, americandreamradom, lubudububar, faraon_kebab_radom - zawsze identyczna generyczna strona logowania bez danych profilu); mirrory imginn.com i picuki.com zwracaja 403 Forbidden; dumpor.io wymaga JS-owej weryfikacji (Cloudflare), niedostepnej dla fetchera. Metoda 3 (restaurantguru/strona WWW) sprawdzona na probce - niewiarygodna/nieskalowalna w limicie czasu (np. restaurantguru zwraca 404 dla wyszukiwan, a strony WWW lokali rzadko linkuja bezposrednio do IG). Brak potwierdzenia w czasie 15 minut."
"@pierogi_smakosz","Pierogi Smakosz","Radom","NIEZWERYFIKOWANE","instagram.com login-wall; imginn.com/picuki.com 403; dumpor.io JS-wall","Instagram zwraca login-wall dla niezalogowanych zapytan (potwierdzone na probce: benvenuti_pizza, proza_bistro, americandreamradom, lubudububar, faraon_kebab_radom - zawsze identyczna generyczna strona logowania bez danych profilu); mirrory imginn.com i picuki.com zwracaja 403 Forbidden; dumpor.io wymaga JS-owej weryfikacji (Cloudflare), niedostepnej dla fetchera. Metoda 3 (restaurantguru/strona WWW) sprawdzona na probce - niewiarygodna/nieskalowalna w limicie czasu (np. restaurantguru zwraca 404 dla wyszukiwan, a strony WWW lokali rzadko linkuja bezposrednio do IG). Brak potwierdzenia w czasie 15 minut."
"@krol.pierogow","Król Pierogów","Radom","NIEZWERYFIKOWANE","instagram.com login-wall; imginn.com/picuki.com 403; dumpor.io JS-wall","Instagram zwraca login-wall dla niezalogowanych zapytan (potwierdzone na probce: benvenuti_pizza, proza_bistro, americandreamradom, lubudububar, faraon_kebab_radom - zawsze identyczna generyczna strona logowania bez danych profilu); mirrory imginn.com i picuki.com zwracaja 403 Forbidden; dumpor.io wymaga JS-owej weryfikacji (Cloudflare), niedostepnej dla fetchera. Metoda 3 (restaurantguru/strona WWW) sprawdzona na probce - niewiarygodna/nieskalowalna w limicie czasu (np. restaurantguru zwraca 404 dla wyszukiwan, a strony WWW lokali rzadko linkuja bezposrednio do IG). Brak potwierdzenia w czasie 15 minut."
"@recznielepionebyzajazdbajka","Ręcznie Lepione by Zajazd Bajka","Radom","NIEZWERYFIKOWANE","instagram.com login-wall; imginn.com/picuki.com 403; dumpor.io JS-wall","Instagram zwraca login-wall dla niezalogowanych zapytan (potwierdzone na probce: benvenuti_pizza, proza_bistro, americandreamradom, lubudububar, faraon_kebab_radom - zawsze identyczna generyczna strona logowania bez danych profilu); mirrory imginn.com i picuki.com zwracaja 403 Forbidden; dumpor.io wymaga JS-owej weryfikacji (Cloudflare), niedostepnej dla fetchera. Metoda 3 (restaurantguru/strona WWW) sprawdzona na probce - niewiarygodna/nieskalowalna w limicie czasu (np. restaurantguru zwraca 404 dla wyszukiwan, a strony WWW lokali rzadko linkuja bezposrednio do IG). Brak potwierdzenia w czasie 15 minut."
"@ancymonek_radom","Ancymonek Naleśnikarnia","Radom","NIEZWERYFIKOWANE","instagram.com login-wall; imginn.com/picuki.com 403; dumpor.io JS-wall","Instagram zwraca login-wall dla niezalogowanych zapytan (potwierdzone na probce: benvenuti_pizza, proza_bistro, americandreamradom, lubudububar, faraon_kebab_radom - zawsze identyczna generyczna strona logowania bez danych profilu); mirrory imginn.com i picuki.com zwracaja 403 Forbidden; dumpor.io wymaga JS-owej weryfikacji (Cloudflare), niedostepnej dla fetchera. Metoda 3 (restaurantguru/strona WWW) sprawdzona na probce - niewiarygodna/nieskalowalna w limicie czasu (np. restaurantguru zwraca 404 dla wyszukiwan, a strony WWW lokali rzadko linkuja bezposrednio do IG). Brak potwierdzenia w czasie 15 minut."
"@tamashi_sushi_radom","Tamashi Sushi","Radom","NIEZWERYFIKOWANE","instagram.com login-wall; imginn.com/picuki.com 403; dumpor.io JS-wall","Instagram zwraca login-wall dla niezalogowanych zapytan (potwierdzone na probce: benvenuti_pizza, proza_bistro, americandreamradom, lubudububar, faraon_kebab_radom - zawsze identyczna generyczna strona logowania bez danych profilu); mirrory imginn.com i picuki.com zwracaja 403 Forbidden; dumpor.io wymaga JS-owej weryfikacji (Cloudflare), niedostepnej dla fetchera. Metoda 3 (restaurantguru/strona WWW) sprawdzona na probce - niewiarygodna/nieskalowalna w limicie czasu (np. restaurantguru zwraca 404 dla wyszukiwan, a strony WWW lokali rzadko linkuja bezposrednio do IG). Brak potwierdzenia w czasie 15 minut."
"@senshi_sushi_radom","Senshi Sushi","Radom","NIEZWERYFIKOWANE","instagram.com login-wall; imginn.com/picuki.com 403; dumpor.io JS-wall","Instagram zwraca login-wall dla niezalogowanych zapytan (potwierdzone na probce: benvenuti_pizza, proza_bistro, americandreamradom, lubudububar, faraon_kebab_radom - zawsze identyczna generyczna strona logowania bez danych profilu); mirrory imginn.com i picuki.com zwracaja 403 Forbidden; dumpor.io wymaga JS-owej weryfikacji (Cloudflare), niedostepnej dla fetchera. Metoda 3 (restaurantguru/strona WWW) sprawdzona na probce - niewiarygodna/nieskalowalna w limicie czasu (np. restaurantguru zwraca 404 dla wyszukiwan, a strony WWW lokali rzadko linkuja bezposrednio do IG). Brak potwierdzenia w czasie 15 minut."
"@marcus_cafe_radom","Marcus Cafe","Radom","NIEZWERYFIKOWANE","instagram.com login-wall; imginn.com/picuki.com 403; dumpor.io JS-wall","Instagram zwraca login-wall dla niezalogowanych zapytan (potwierdzone na probce: benvenuti_pizza, proza_bistro, americandreamradom, lubudububar, faraon_kebab_radom - zawsze identyczna generyczna strona logowania bez danych profilu); mirrory imginn.com i picuki.com zwracaja 403 Forbidden; dumpor.io wymaga JS-owej weryfikacji (Cloudflare), niedostepnej dla fetchera. Metoda 3 (restaurantguru/strona WWW) sprawdzona na probce - niewiarygodna/nieskalowalna w limicie czasu (np. restaurantguru zwraca 404 dla wyszukiwan, a strony WWW lokali rzadko linkuja bezposrednio do IG). Brak potwierdzenia w czasie 15 minut."
"@przytulasek.radom","Przytulasek Bawialnia i Kawiarnia","Radom","NIEZWERYFIKOWANE","instagram.com login-wall; imginn.com/picuki.com 403; dumpor.io JS-wall","Instagram zwraca login-wall dla niezalogowanych zapytan (potwierdzone na probce: benvenuti_pizza, proza_bistro, americandreamradom, lubudububar, faraon_kebab_radom - zawsze identyczna generyczna strona logowania bez danych profilu); mirrory imginn.com i picuki.com zwracaja 403 Forbidden; dumpor.io wymaga JS-owej weryfikacji (Cloudflare), niedostepnej dla fetchera. Metoda 3 (restaurantguru/strona WWW) sprawdzona na probce - niewiarygodna/nieskalowalna w limicie czasu (np. restaurantguru zwraca 404 dla wyszukiwan, a strony WWW lokali rzadko linkuja bezposrednio do IG). Brak potwierdzenia w czasie 15 minut."
"@otwarta_radom","OTWARTA Wine Cafe","Radom","NIEZWERYFIKOWANE","instagram.com login-wall; imginn.com/picuki.com 403; dumpor.io JS-wall","Instagram zwraca login-wall dla niezalogowanych zapytan (potwierdzone na probce: benvenuti_pizza, proza_bistro, americandreamradom, lubudububar, faraon_kebab_radom - zawsze identyczna generyczna strona logowania bez danych profilu); mirrory imginn.com i picuki.com zwracaja 403 Forbidden; dumpor.io wymaga JS-owej weryfikacji (Cloudflare), niedostepnej dla fetchera. Metoda 3 (restaurantguru/strona WWW) sprawdzona na probce - niewiarygodna/nieskalowalna w limicie czasu (np. restaurantguru zwraca 404 dla wyszukiwan, a strony WWW lokali rzadko linkuja bezposrednio do IG). Brak potwierdzenia w czasie 15 minut."
"@baldoria_restobar_kielce","Baldoria Restobar","Kielce","NIEZWERYFIKOWANE","instagram.com login-wall; imginn.com/picuki.com 403; dumpor.io JS-wall","Instagram zwraca login-wall dla niezalogowanych zapytan (potwierdzone na probce: benvenuti_pizza, proza_bistro, americandreamradom, lubudububar, faraon_kebab_radom - zawsze identyczna generyczna strona logowania bez danych profilu); mirrory imginn.com i picuki.com zwracaja 403 Forbidden; dumpor.io wymaga JS-owej weryfikacji (Cloudflare), niedostepnej dla fetchera. Metoda 3 (restaurantguru/strona WWW) sprawdzona na probce - niewiarygodna/nieskalowalna w limicie czasu (np. restaurantguru zwraca 404 dla wyszukiwan, a strony WWW lokali rzadko linkuja bezposrednio do IG). Brak potwierdzenia w czasie 15 minut."
"@terazpizzack","Teraz Pizza","Kielce","NIEZWERYFIKOWANE","instagram.com login-wall; imginn.com/picuki.com 403; dumpor.io JS-wall","Instagram zwraca login-wall dla niezalogowanych zapytan (potwierdzone na probce: benvenuti_pizza, proza_bistro, americandreamradom, lubudububar, faraon_kebab_radom - zawsze identyczna generyczna strona logowania bez danych profilu); mirrory imginn.com i picuki.com zwracaja 403 Forbidden; dumpor.io wymaga JS-owej weryfikacji (Cloudflare), niedostepnej dla fetchera. Metoda 3 (restaurantguru/strona WWW) sprawdzona na probce - niewiarygodna/nieskalowalna w limicie czasu (np. restaurantguru zwraca 404 dla wyszukiwan, a strony WWW lokali rzadko linkuja bezposrednio do IG). Brak potwierdzenia w czasie 15 minut."
"@tasty_pizza_kielce","Tasty Pizza","Kielce","NIEZWERYFIKOWANE","instagram.com login-wall; imginn.com/picuki.com 403; dumpor.io JS-wall","Instagram zwraca login-wall dla niezalogowanych zapytan (potwierdzone na probce: benvenuti_pizza, proza_bistro, americandreamradom, lubudububar, faraon_kebab_radom - zawsze identyczna generyczna strona logowania bez danych profilu); mirrory imginn.com i picuki.com zwracaja 403 Forbidden; dumpor.io wymaga JS-owej weryfikacji (Cloudflare), niedostepnej dla fetchera. Metoda 3 (restaurantguru/strona WWW) sprawdzona na probce - niewiarygodna/nieskalowalna w limicie czasu (np. restaurantguru zwraca 404 dla wyszukiwan, a strony WWW lokali rzadko linkuja bezposrednio do IG). Brak potwierdzenia w czasie 15 minut."
"@lacasa_kielce","La Casa","Kielce","NIEZWERYFIKOWANE","instagram.com login-wall; imginn.com/picuki.com 403; dumpor.io JS-wall","Instagram zwraca login-wall dla niezalogowanych zapytan (potwierdzone na probce: benvenuti_pizza, proza_bistro, americandreamradom, lubudububar, faraon_kebab_radom - zawsze identyczna generyczna strona logowania bez danych profilu); mirrory imginn.com i picuki.com zwracaja 403 Forbidden; dumpor.io wymaga JS-owej weryfikacji (Cloudflare), niedostepnej dla fetchera. Metoda 3 (restaurantguru/strona WWW) sprawdzona na probce - niewiarygodna/nieskalowalna w limicie czasu (np. restaurantguru zwraca 404 dla wyszukiwan, a strony WWW lokali rzadko linkuja bezposrednio do IG). Brak potwierdzenia w czasie 15 minut."
"@pieprzibazylia_","Pizzeria Pieprz i Bazylia","Kielce","NIEZWERYFIKOWANE","instagram.com login-wall; imginn.com/picuki.com 403; dumpor.io JS-wall","Instagram zwraca login-wall dla niezalogowanych zapytan (potwierdzone na probce: benvenuti_pizza, proza_bistro, americandreamradom, lubudububar, faraon_kebab_radom - zawsze identyczna generyczna strona logowania bez danych profilu); mirrory imginn.com i picuki.com zwracaja 403 Forbidden; dumpor.io wymaga JS-owej weryfikacji (Cloudflare), niedostepnej dla fetchera. Metoda 3 (restaurantguru/strona WWW) sprawdzona na probce - niewiarygodna/nieskalowalna w limicie czasu (np. restaurantguru zwraca 404 dla wyszukiwan, a strony WWW lokali rzadko linkuja bezposrednio do IG). Brak potwierdzenia w czasie 15 minut."
"@koralowapizza_kielce","Koralowa Pizza","Kielce","NIEZWERYFIKOWANE","instagram.com login-wall; imginn.com/picuki.com 403; dumpor.io JS-wall","Instagram zwraca login-wall dla niezalogowanych zapytan (potwierdzone na probce: benvenuti_pizza, proza_bistro, americandreamradom, lubudububar, faraon_kebab_radom - zawsze identyczna generyczna strona logowania bez danych profilu); mirrory imginn.com i picuki.com zwracaja 403 Forbidden; dumpor.io wymaga JS-owej weryfikacji (Cloudflare), niedostepnej dla fetchera. Metoda 3 (restaurantguru/strona WWW) sprawdzona na probce - niewiarygodna/nieskalowalna w limicie czasu (np. restaurantguru zwraca 404 dla wyszukiwan, a strony WWW lokali rzadko linkuja bezposrednio do IG). Brak potwierdzenia w czasie 15 minut."
"@pizzeria_bar_kadzielnia_kielce","Pizzeria Bar Kadzielnia","Kielce","NIEZWERYFIKOWANE","instagram.com login-wall; imginn.com/picuki.com 403; dumpor.io JS-wall","Instagram zwraca login-wall dla niezalogowanych zapytan (potwierdzone na probce: benvenuti_pizza, proza_bistro, americandreamradom, lubudububar, faraon_kebab_radom - zawsze identyczna generyczna strona logowania bez danych profilu); mirrory imginn.com i picuki.com zwracaja 403 Forbidden; dumpor.io wymaga JS-owej weryfikacji (Cloudflare), niedostepnej dla fetchera. Metoda 3 (restaurantguru/strona WWW) sprawdzona na probce - niewiarygodna/nieskalowalna w limicie czasu (np. restaurantguru zwraca 404 dla wyszukiwan, a strony WWW lokali rzadko linkuja bezposrednio do IG). Brak potwierdzenia w czasie 15 minut."
"@famiglia.kielce","Famiglia Pizza Pasta Gelato","Kielce","NIEZWERYFIKOWANE","instagram.com login-wall; imginn.com/picuki.com 403; dumpor.io JS-wall","Instagram zwraca login-wall dla niezalogowanych zapytan (potwierdzone na probce: benvenuti_pizza, proza_bistro, americandreamradom, lubudububar, faraon_kebab_radom - zawsze identyczna generyczna strona logowania bez danych profilu); mirrory imginn.com i picuki.com zwracaja 403 Forbidden; dumpor.io wymaga JS-owej weryfikacji (Cloudflare), niedostepnej dla fetchera. Metoda 3 (restaurantguru/strona WWW) sprawdzona na probce - niewiarygodna/nieskalowalna w limicie czasu (np. restaurantguru zwraca 404 dla wyszukiwan, a strony WWW lokali rzadko linkuja bezposrednio do IG). Brak potwierdzenia w czasie 15 minut."
"@nabogatobistrokielce","Bistro Nabogato","Kielce","NIEZWERYFIKOWANE","instagram.com login-wall; imginn.com/picuki.com 403; dumpor.io JS-wall","Instagram zwraca login-wall dla niezalogowanych zapytan (potwierdzone na probce: benvenuti_pizza, proza_bistro, americandreamradom, lubudububar, faraon_kebab_radom - zawsze identyczna generyczna strona logowania bez danych profilu); mirrory imginn.com i picuki.com zwracaja 403 Forbidden; dumpor.io wymaga JS-owej weryfikacji (Cloudflare), niedostepnej dla fetchera. Metoda 3 (restaurantguru/strona WWW) sprawdzona na probce - niewiarygodna/nieskalowalna w limicie czasu (np. restaurantguru zwraca 404 dla wyszukiwan, a strony WWW lokali rzadko linkuja bezposrednio do IG). Brak potwierdzenia w czasie 15 minut."
"@hajp_pub","Hajp Burgers & Pub","Kielce","NIEZWERYFIKOWANE","instagram.com login-wall; imginn.com/picuki.com 403; dumpor.io JS-wall","Instagram zwraca login-wall dla niezalogowanych zapytan (potwierdzone na probce: benvenuti_pizza, proza_bistro, americandreamradom, lubudububar, faraon_kebab_radom - zawsze identyczna generyczna strona logowania bez danych profilu); mirrory imginn.com i picuki.com zwracaja 403 Forbidden; dumpor.io wymaga JS-owej weryfikacji (Cloudflare), niedostepnej dla fetchera. Metoda 3 (restaurantguru/strona WWW) sprawdzona na probce - niewiarygodna/nieskalowalna w limicie czasu (np. restaurantguru zwraca 404 dla wyszukiwan, a strony WWW lokali rzadko linkuja bezposrednio do IG). Brak potwierdzenia w czasie 15 minut."
"@good_food_kielce","Good Food Kielce","Kielce","NIEZWERYFIKOWANE","instagram.com login-wall; imginn.com/picuki.com 403; dumpor.io JS-wall","Instagram zwraca login-wall dla niezalogowanych zapytan (potwierdzone na probce: benvenuti_pizza, proza_bistro, americandreamradom, lubudububar, faraon_kebab_radom - zawsze identyczna generyczna strona logowania bez danych profilu); mirrory imginn.com i picuki.com zwracaja 403 Forbidden; dumpor.io wymaga JS-owej weryfikacji (Cloudflare), niedostepnej dla fetchera. Metoda 3 (restaurantguru/strona WWW) sprawdzona na probce - niewiarygodna/nieskalowalna w limicie czasu (np. restaurantguru zwraca 404 dla wyszukiwan, a strony WWW lokali rzadko linkuja bezposrednio do IG). Brak potwierdzenia w czasie 15 minut."
"@sisenorkielce","Restauracja Si Señor","Kielce","NIEZWERYFIKOWANE","instagram.com login-wall; imginn.com/picuki.com 403; dumpor.io JS-wall","Instagram zwraca login-wall dla niezalogowanych zapytan (potwierdzone na probce: benvenuti_pizza, proza_bistro, americandreamradom, lubudububar, faraon_kebab_radom - zawsze identyczna generyczna strona logowania bez danych profilu); mirrory imginn.com i picuki.com zwracaja 403 Forbidden; dumpor.io wymaga JS-owej weryfikacji (Cloudflare), niedostepnej dla fetchera. Metoda 3 (restaurantguru/strona WWW) sprawdzona na probce - niewiarygodna/nieskalowalna w limicie czasu (np. restaurantguru zwraca 404 dla wyszukiwan, a strony WWW lokali rzadko linkuja bezposrednio do IG). Brak potwierdzenia w czasie 15 minut."
"@ukucharzykielce","U Kucharzy","Kielce","NIEZWERYFIKOWANE","instagram.com login-wall; imginn.com/picuki.com 403; dumpor.io JS-wall","Instagram zwraca login-wall dla niezalogowanych zapytan (potwierdzone na probce: benvenuti_pizza, proza_bistro, americandreamradom, lubudububar, faraon_kebab_radom - zawsze identyczna generyczna strona logowania bez danych profilu); mirrory imginn.com i picuki.com zwracaja 403 Forbidden; dumpor.io wymaga JS-owej weryfikacji (Cloudflare), niedostepnej dla fetchera. Metoda 3 (restaurantguru/strona WWW) sprawdzona na probce - niewiarygodna/nieskalowalna w limicie czasu (np. restaurantguru zwraca 404 dla wyszukiwan, a strony WWW lokali rzadko linkuja bezposrednio do IG). Brak potwierdzenia w czasie 15 minut."
"@restauracja_antresola_kielce","Restauracja Antresola","Kielce","NIEZWERYFIKOWANE","instagram.com login-wall; imginn.com/picuki.com 403; dumpor.io JS-wall","Instagram zwraca login-wall dla niezalogowanych zapytan (potwierdzone na probce: benvenuti_pizza, proza_bistro, americandreamradom, lubudububar, faraon_kebab_radom - zawsze identyczna generyczna strona logowania bez danych profilu); mirrory imginn.com i picuki.com zwracaja 403 Forbidden; dumpor.io wymaga JS-owej weryfikacji (Cloudflare), niedostepnej dla fetchera. Metoda 3 (restaurantguru/strona WWW) sprawdzona na probce - niewiarygodna/nieskalowalna w limicie czasu (np. restaurantguru zwraca 404 dla wyszukiwan, a strony WWW lokali rzadko linkuja bezposrednio do IG). Brak potwierdzenia w czasie 15 minut."
"@stary.browar.kielce","Restauracja Stary Browar","Kielce","NIEZWERYFIKOWANE","instagram.com login-wall; imginn.com/picuki.com 403; dumpor.io JS-wall","Instagram zwraca login-wall dla niezalogowanych zapytan (potwierdzone na probce: benvenuti_pizza, proza_bistro, americandreamradom, lubudububar, faraon_kebab_radom - zawsze identyczna generyczna strona logowania bez danych profilu); mirrory imginn.com i picuki.com zwracaja 403 Forbidden; dumpor.io wymaga JS-owej weryfikacji (Cloudflare), niedostepnej dla fetchera. Metoda 3 (restaurantguru/strona WWW) sprawdzona na probce - niewiarygodna/nieskalowalna w limicie czasu (np. restaurantguru zwraca 404 dla wyszukiwan, a strony WWW lokali rzadko linkuja bezposrednio do IG). Brak potwierdzenia w czasie 15 minut."
"@s7hotel_kielce","Restauracja BlueLine S7 Hotel","Kielce","NIEZWERYFIKOWANE","instagram.com login-wall; imginn.com/picuki.com 403; dumpor.io JS-wall","Instagram zwraca login-wall dla niezalogowanych zapytan (potwierdzone na probce: benvenuti_pizza, proza_bistro, americandreamradom, lubudububar, faraon_kebab_radom - zawsze identyczna generyczna strona logowania bez danych profilu); mirrory imginn.com i picuki.com zwracaja 403 Forbidden; dumpor.io wymaga JS-owej weryfikacji (Cloudflare), niedostepnej dla fetchera. Metoda 3 (restaurantguru/strona WWW) sprawdzona na probce - niewiarygodna/nieskalowalna w limicie czasu (np. restaurantguru zwraca 404 dla wyszukiwan, a strony WWW lokali rzadko linkuja bezposrednio do IG). Brak potwierdzenia w czasie 15 minut."
"@cukiernia_nova_lodziarnia","Cukiernia Nova","Kielce","NIEZWERYFIKOWANE","instagram.com login-wall; imginn.com/picuki.com 403; dumpor.io JS-wall","Instagram zwraca login-wall dla niezalogowanych zapytan (potwierdzone na probce: benvenuti_pizza, proza_bistro, americandreamradom, lubudububar, faraon_kebab_radom - zawsze identyczna generyczna strona logowania bez danych profilu); mirrory imginn.com i picuki.com zwracaja 403 Forbidden; dumpor.io wymaga JS-owej weryfikacji (Cloudflare), niedostepnej dla fetchera. Metoda 3 (restaurantguru/strona WWW) sprawdzona na probce - niewiarygodna/nieskalowalna w limicie czasu (np. restaurantguru zwraca 404 dla wyszukiwan, a strony WWW lokali rzadko linkuja bezposrednio do IG). Brak potwierdzenia w czasie 15 minut."
"@cukierniawalenciak","Cukiernia Walenciak","Kielce","NIEZWERYFIKOWANE","instagram.com login-wall; imginn.com/picuki.com 403; dumpor.io JS-wall","Instagram zwraca login-wall dla niezalogowanych zapytan (potwierdzone na probce: benvenuti_pizza, proza_bistro, americandreamradom, lubudububar, faraon_kebab_radom - zawsze identyczna generyczna strona logowania bez danych profilu); mirrory imginn.com i picuki.com zwracaja 403 Forbidden; dumpor.io wymaga JS-owej weryfikacji (Cloudflare), niedostepnej dla fetchera. Metoda 3 (restaurantguru/strona WWW) sprawdzona na probce - niewiarygodna/nieskalowalna w limicie czasu (np. restaurantguru zwraca 404 dla wyszukiwan, a strony WWW lokali rzadko linkuja bezposrednio do IG). Brak potwierdzenia w czasie 15 minut."
"@sho_ramen_kielce","Sho Ramen","Kielce","NIEZWERYFIKOWANE","instagram.com login-wall; imginn.com/picuki.com 403; dumpor.io JS-wall","Instagram zwraca login-wall dla niezalogowanych zapytan (potwierdzone na probce: benvenuti_pizza, proza_bistro, americandreamradom, lubudububar, faraon_kebab_radom - zawsze identyczna generyczna strona logowania bez danych profilu); mirrory imginn.com i picuki.com zwracaja 403 Forbidden; dumpor.io wymaga JS-owej weryfikacji (Cloudflare), niedostepnej dla fetchera. Metoda 3 (restaurantguru/strona WWW) sprawdzona na probce - niewiarygodna/nieskalowalna w limicie czasu (np. restaurantguru zwraca 404 dla wyszukiwan, a strony WWW lokali rzadko linkuja bezposrednio do IG). Brak potwierdzenia w czasie 15 minut."
"@sushiya_kielce","Sushiya","Kielce","NIEZWERYFIKOWANE","instagram.com login-wall; imginn.com/picuki.com 403; dumpor.io JS-wall","Instagram zwraca login-wall dla niezalogowanych zapytan (potwierdzone na probce: benvenuti_pizza, proza_bistro, americandreamradom, lubudububar, faraon_kebab_radom - zawsze identyczna generyczna strona logowania bez danych profilu); mirrory imginn.com i picuki.com zwracaja 403 Forbidden; dumpor.io wymaga JS-owej weryfikacji (Cloudflare), niedostepnej dla fetchera. Metoda 3 (restaurantguru/strona WWW) sprawdzona na probce - niewiarygodna/nieskalowalna w limicie czasu (np. restaurantguru zwraca 404 dla wyszukiwan, a strony WWW lokali rzadko linkuja bezposrednio do IG). Brak potwierdzenia w czasie 15 minut."
"@pierogarnia_na_wspolnej","Pierogarnia na Wspólnej","Kielce","NIEZWERYFIKOWANE","instagram.com login-wall; imginn.com/picuki.com 403; dumpor.io JS-wall","Instagram zwraca login-wall dla niezalogowanych zapytan (potwierdzone na probce: benvenuti_pizza, proza_bistro, americandreamradom, lubudububar, faraon_kebab_radom - zawsze identyczna generyczna strona logowania bez danych profilu); mirrory imginn.com i picuki.com zwracaja 403 Forbidden; dumpor.io wymaga JS-owej weryfikacji (Cloudflare), niedostepnej dla fetchera. Metoda 3 (restaurantguru/strona WWW) sprawdzona na probce - niewiarygodna/nieskalowalna w limicie czasu (np. restaurantguru zwraca 404 dla wyszukiwan, a strony WWW lokali rzadko linkuja bezposrednio do IG). Brak potwierdzenia w czasie 15 minut."
"@sultankebabpizza2025","Sultan Kebab Pizza","Kielce","NIEZWERYFIKOWANE","instagram.com login-wall; imginn.com/picuki.com 403; dumpor.io JS-wall","Instagram zwraca login-wall dla niezalogowanych zapytan (potwierdzone na probce: benvenuti_pizza, proza_bistro, americandreamradom, lubudububar, faraon_kebab_radom - zawsze identyczna generyczna strona logowania bez danych profilu); mirrory imginn.com i picuki.com zwracaja 403 Forbidden; dumpor.io wymaga JS-owej weryfikacji (Cloudflare), niedostepnej dla fetchera. Metoda 3 (restaurantguru/strona WWW) sprawdzona na probce - niewiarygodna/nieskalowalna w limicie czasu (np. restaurantguru zwraca 404 dla wyszukiwan, a strony WWW lokali rzadko linkuja bezposrednio do IG). Brak potwierdzenia w czasie 15 minut."
"@astanakebab","Astana Kebab","Kielce","NIEZWERYFIKOWANE","instagram.com login-wall; imginn.com/picuki.com 403; dumpor.io JS-wall","Instagram zwraca login-wall dla niezalogowanych zapytan (potwierdzone na probce: benvenuti_pizza, proza_bistro, americandreamradom, lubudububar, faraon_kebab_radom - zawsze identyczna generyczna strona logowania bez danych profilu); mirrory imginn.com i picuki.com zwracaja 403 Forbidden; dumpor.io wymaga JS-owej weryfikacji (Cloudflare), niedostepnej dla fetchera. Metoda 3 (restaurantguru/strona WWW) sprawdzona na probce - niewiarygodna/nieskalowalna w limicie czasu (np. restaurantguru zwraca 404 dla wyszukiwan, a strony WWW lokali rzadko linkuja bezposrednio do IG). Brak potwierdzenia w czasie 15 minut."
"@pierogowapiwniczkakozia3a","Pierogowa Piwniczka Kozia 3A","Kielce","NIEZWERYFIKOWANE","instagram.com login-wall; imginn.com/picuki.com 403; dumpor.io JS-wall","Instagram zwraca login-wall dla niezalogowanych zapytan (potwierdzone na probce: benvenuti_pizza, proza_bistro, americandreamradom, lubudububar, faraon_kebab_radom - zawsze identyczna generyczna strona logowania bez danych profilu); mirrory imginn.com i picuki.com zwracaja 403 Forbidden; dumpor.io wymaga JS-owej weryfikacji (Cloudflare), niedostepnej dla fetchera. Metoda 3 (restaurantguru/strona WWW) sprawdzona na probce - niewiarygodna/nieskalowalna w limicie czasu (np. restaurantguru zwraca 404 dla wyszukiwan, a strony WWW lokali rzadko linkuja bezposrednio do IG). Brak potwierdzenia w czasie 15 minut."
"@bistrodziendobryrzeszow","Bistro Dzień Dobry Rzeszów","Rzeszów","NIEZWERYFIKOWANE","instagram.com login-wall; imginn.com/picuki.com 403; dumpor.io JS-wall","Instagram zwraca login-wall dla niezalogowanych zapytan (potwierdzone na probce: benvenuti_pizza, proza_bistro, americandreamradom, lubudububar, faraon_kebab_radom - zawsze identyczna generyczna strona logowania bez danych profilu); mirrory imginn.com i picuki.com zwracaja 403 Forbidden; dumpor.io wymaga JS-owej weryfikacji (Cloudflare), niedostepnej dla fetchera. Metoda 3 (restaurantguru/strona WWW) sprawdzona na probce - niewiarygodna/nieskalowalna w limicie czasu (np. restaurantguru zwraca 404 dla wyszukiwan, a strony WWW lokali rzadko linkuja bezposrednio do IG). Brak potwierdzenia w czasie 15 minut."
"@doremibistro","DoReMi Bistro","Rzeszów","NIEZWERYFIKOWANE","instagram.com login-wall; imginn.com/picuki.com 403; dumpor.io JS-wall","Instagram zwraca login-wall dla niezalogowanych zapytan (potwierdzone na probce: benvenuti_pizza, proza_bistro, americandreamradom, lubudububar, faraon_kebab_radom - zawsze identyczna generyczna strona logowania bez danych profilu); mirrory imginn.com i picuki.com zwracaja 403 Forbidden; dumpor.io wymaga JS-owej weryfikacji (Cloudflare), niedostepnej dla fetchera. Metoda 3 (restaurantguru/strona WWW) sprawdzona na probce - niewiarygodna/nieskalowalna w limicie czasu (np. restaurantguru zwraca 404 dla wyszukiwan, a strony WWW lokali rzadko linkuja bezposrednio do IG). Brak potwierdzenia w czasie 15 minut."
"@nobo_restauracja","NOBO Restauracja Pizza Bar","Rzeszów","NIEZWERYFIKOWANE","instagram.com login-wall; imginn.com/picuki.com 403; dumpor.io JS-wall","Instagram zwraca login-wall dla niezalogowanych zapytan (potwierdzone na probce: benvenuti_pizza, proza_bistro, americandreamradom, lubudububar, faraon_kebab_radom - zawsze identyczna generyczna strona logowania bez danych profilu); mirrory imginn.com i picuki.com zwracaja 403 Forbidden; dumpor.io wymaga JS-owej weryfikacji (Cloudflare), niedostepnej dla fetchera. Metoda 3 (restaurantguru/strona WWW) sprawdzona na probce - niewiarygodna/nieskalowalna w limicie czasu (np. restaurantguru zwraca 404 dla wyszukiwan, a strony WWW lokali rzadko linkuja bezposrednio do IG). Brak potwierdzenia w czasie 15 minut."
"@mexico_rzeszow","Mexico Bar Rzeszów","Rzeszów","NIEZWERYFIKOWANE","instagram.com login-wall; imginn.com/picuki.com 403; dumpor.io JS-wall","Instagram zwraca login-wall dla niezalogowanych zapytan (potwierdzone na probce: benvenuti_pizza, proza_bistro, americandreamradom, lubudububar, faraon_kebab_radom - zawsze identyczna generyczna strona logowania bez danych profilu); mirrory imginn.com i picuki.com zwracaja 403 Forbidden; dumpor.io wymaga JS-owej weryfikacji (Cloudflare), niedostepnej dla fetchera. Metoda 3 (restaurantguru/strona WWW) sprawdzona na probce - niewiarygodna/nieskalowalna w limicie czasu (np. restaurantguru zwraca 404 dla wyszukiwan, a strony WWW lokali rzadko linkuja bezposrednio do IG). Brak potwierdzenia w czasie 15 minut."
"@muro_restauracja","MURO Restauracja","Rzeszów","NIEZWERYFIKOWANE","instagram.com login-wall; imginn.com/picuki.com 403; dumpor.io JS-wall","Instagram zwraca login-wall dla niezalogowanych zapytan (potwierdzone na probce: benvenuti_pizza, proza_bistro, americandreamradom, lubudububar, faraon_kebab_radom - zawsze identyczna generyczna strona logowania bez danych profilu); mirrory imginn.com i picuki.com zwracaja 403 Forbidden; dumpor.io wymaga JS-owej weryfikacji (Cloudflare), niedostepnej dla fetchera. Metoda 3 (restaurantguru/strona WWW) sprawdzona na probce - niewiarygodna/nieskalowalna w limicie czasu (np. restaurantguru zwraca 404 dla wyszukiwan, a strony WWW lokali rzadko linkuja bezposrednio do IG). Brak potwierdzenia w czasie 15 minut."
"@theburgerpointrzeszow","The Burger Point","Rzeszów","NIEZWERYFIKOWANE","instagram.com login-wall; imginn.com/picuki.com 403; dumpor.io JS-wall","Instagram zwraca login-wall dla niezalogowanych zapytan (potwierdzone na probce: benvenuti_pizza, proza_bistro, americandreamradom, lubudububar, faraon_kebab_radom - zawsze identyczna generyczna strona logowania bez danych profilu); mirrory imginn.com i picuki.com zwracaja 403 Forbidden; dumpor.io wymaga JS-owej weryfikacji (Cloudflare), niedostepnej dla fetchera. Metoda 3 (restaurantguru/strona WWW) sprawdzona na probce - niewiarygodna/nieskalowalna w limicie czasu (np. restaurantguru zwraca 404 dla wyszukiwan, a strony WWW lokali rzadko linkuja bezposrednio do IG). Brak potwierdzenia w czasie 15 minut."
"@habibikebabrzeszow","Habibi Kebab","Rzeszów","NIEZWERYFIKOWANE","instagram.com login-wall; imginn.com/picuki.com 403; dumpor.io JS-wall","Instagram zwraca login-wall dla niezalogowanych zapytan (potwierdzone na probce: benvenuti_pizza, proza_bistro, americandreamradom, lubudububar, faraon_kebab_radom - zawsze identyczna generyczna strona logowania bez danych profilu); mirrory imginn.com i picuki.com zwracaja 403 Forbidden; dumpor.io wymaga JS-owej weryfikacji (Cloudflare), niedostepnej dla fetchera. Metoda 3 (restaurantguru/strona WWW) sprawdzona na probce - niewiarygodna/nieskalowalna w limicie czasu (np. restaurantguru zwraca 404 dla wyszukiwan, a strony WWW lokali rzadko linkuja bezposrednio do IG). Brak potwierdzenia w czasie 15 minut."
"@deshikebabrzeszow","Deshi Kebab Rzeszów","Rzeszów","NIEZWERYFIKOWANE","instagram.com login-wall; imginn.com/picuki.com 403; dumpor.io JS-wall","Instagram zwraca login-wall dla niezalogowanych zapytan (potwierdzone na probce: benvenuti_pizza, proza_bistro, americandreamradom, lubudububar, faraon_kebab_radom - zawsze identyczna generyczna strona logowania bez danych profilu); mirrory imginn.com i picuki.com zwracaja 403 Forbidden; dumpor.io wymaga JS-owej weryfikacji (Cloudflare), niedostepnej dla fetchera. Metoda 3 (restaurantguru/strona WWW) sprawdzona na probce - niewiarygodna/nieskalowalna w limicie czasu (np. restaurantguru zwraca 404 dla wyszukiwan, a strony WWW lokali rzadko linkuja bezposrednio do IG). Brak potwierdzenia w czasie 15 minut."
"@mr.kebab_rzeszow","Mr. Kebab","Rzeszów","NIEZWERYFIKOWANE","instagram.com login-wall; imginn.com/picuki.com 403; dumpor.io JS-wall","Instagram zwraca login-wall dla niezalogowanych zapytan (potwierdzone na probce: benvenuti_pizza, proza_bistro, americandreamradom, lubudububar, faraon_kebab_radom - zawsze identyczna generyczna strona logowania bez danych profilu); mirrory imginn.com i picuki.com zwracaja 403 Forbidden; dumpor.io wymaga JS-owej weryfikacji (Cloudflare), niedostepnej dla fetchera. Metoda 3 (restaurantguru/strona WWW) sprawdzona na probce - niewiarygodna/nieskalowalna w limicie czasu (np. restaurantguru zwraca 404 dla wyszukiwan, a strony WWW lokali rzadko linkuja bezposrednio do IG). Brak potwierdzenia w czasie 15 minut."
"@bagatela_rzeszow","Bagatela Grill & Kebab","Rzeszów","NIEZWERYFIKOWANE","instagram.com login-wall; imginn.com/picuki.com 403; dumpor.io JS-wall","Instagram zwraca login-wall dla niezalogowanych zapytan (potwierdzone na probce: benvenuti_pizza, proza_bistro, americandreamradom, lubudububar, faraon_kebab_radom - zawsze identyczna generyczna strona logowania bez danych profilu); mirrory imginn.com i picuki.com zwracaja 403 Forbidden; dumpor.io wymaga JS-owej weryfikacji (Cloudflare), niedostepnej dla fetchera. Metoda 3 (restaurantguru/strona WWW) sprawdzona na probce - niewiarygodna/nieskalowalna w limicie czasu (np. restaurantguru zwraca 404 dla wyszukiwan, a strony WWW lokali rzadko linkuja bezposrednio do IG). Brak potwierdzenia w czasie 15 minut."
"@side_kebab","Side Kebab Restaurant","Rzeszów","NIEZWERYFIKOWANE","instagram.com login-wall; imginn.com/picuki.com 403; dumpor.io JS-wall","Instagram zwraca login-wall dla niezalogowanych zapytan (potwierdzone na probce: benvenuti_pizza, proza_bistro, americandreamradom, lubudububar, faraon_kebab_radom - zawsze identyczna generyczna strona logowania bez danych profilu); mirrory imginn.com i picuki.com zwracaja 403 Forbidden; dumpor.io wymaga JS-owej weryfikacji (Cloudflare), niedostepnej dla fetchera. Metoda 3 (restaurantguru/strona WWW) sprawdzona na probce - niewiarygodna/nieskalowalna w limicie czasu (np. restaurantguru zwraca 404 dla wyszukiwan, a strony WWW lokali rzadko linkuja bezposrednio do IG). Brak potwierdzenia w czasie 15 minut."
"@fikacakerzeszow","Cukiernia Fika","Rzeszów","NIEZWERYFIKOWANE","instagram.com login-wall; imginn.com/picuki.com 403; dumpor.io JS-wall","Instagram zwraca login-wall dla niezalogowanych zapytan (potwierdzone na probce: benvenuti_pizza, proza_bistro, americandreamradom, lubudububar, faraon_kebab_radom - zawsze identyczna generyczna strona logowania bez danych profilu); mirrory imginn.com i picuki.com zwracaja 403 Forbidden; dumpor.io wymaga JS-owej weryfikacji (Cloudflare), niedostepnej dla fetchera. Metoda 3 (restaurantguru/strona WWW) sprawdzona na probce - niewiarygodna/nieskalowalna w limicie czasu (np. restaurantguru zwraca 404 dla wyszukiwan, a strony WWW lokali rzadko linkuja bezposrednio do IG). Brak potwierdzenia w czasie 15 minut."
"@lacrepes_rynek25","La Crepes Rynek 25","Rzeszów","NIEZWERYFIKOWANE","instagram.com login-wall; imginn.com/picuki.com 403; dumpor.io JS-wall","Instagram zwraca login-wall dla niezalogowanych zapytan (potwierdzone na probce: benvenuti_pizza, proza_bistro, americandreamradom, lubudububar, faraon_kebab_radom - zawsze identyczna generyczna strona logowania bez danych profilu); mirrory imginn.com i picuki.com zwracaja 403 Forbidden; dumpor.io wymaga JS-owej weryfikacji (Cloudflare), niedostepnej dla fetchera. Metoda 3 (restaurantguru/strona WWW) sprawdzona na probce - niewiarygodna/nieskalowalna w limicie czasu (np. restaurantguru zwraca 404 dla wyszukiwan, a strony WWW lokali rzadko linkuja bezposrednio do IG). Brak potwierdzenia w czasie 15 minut."
"@cafeparkrzeszow","Cafe Park","Rzeszów","NIEZWERYFIKOWANE","instagram.com login-wall; imginn.com/picuki.com 403; dumpor.io JS-wall","Instagram zwraca login-wall dla niezalogowanych zapytan (potwierdzone na probce: benvenuti_pizza, proza_bistro, americandreamradom, lubudububar, faraon_kebab_radom - zawsze identyczna generyczna strona logowania bez danych profilu); mirrory imginn.com i picuki.com zwracaja 403 Forbidden; dumpor.io wymaga JS-owej weryfikacji (Cloudflare), niedostepnej dla fetchera. Metoda 3 (restaurantguru/strona WWW) sprawdzona na probce - niewiarygodna/nieskalowalna w limicie czasu (np. restaurantguru zwraca 404 dla wyszukiwan, a strony WWW lokali rzadko linkuja bezposrednio do IG). Brak potwierdzenia w czasie 15 minut."
"@kawa.na.lawe.rzeszow","Kawa na Ławę","Rzeszów","NIEZWERYFIKOWANE","instagram.com login-wall; imginn.com/picuki.com 403; dumpor.io JS-wall","Instagram zwraca login-wall dla niezalogowanych zapytan (potwierdzone na probce: benvenuti_pizza, proza_bistro, americandreamradom, lubudububar, faraon_kebab_radom - zawsze identyczna generyczna strona logowania bez danych profilu); mirrory imginn.com i picuki.com zwracaja 403 Forbidden; dumpor.io wymaga JS-owej weryfikacji (Cloudflare), niedostepnej dla fetchera. Metoda 3 (restaurantguru/strona WWW) sprawdzona na probce - niewiarygodna/nieskalowalna w limicie czasu (np. restaurantguru zwraca 404 dla wyszukiwan, a strony WWW lokali rzadko linkuja bezposrednio do IG). Brak potwierdzenia w czasie 15 minut."
"@kotlownia.cafe","Kocia Kawiarnia Kotłownia","Rzeszów","NIEZWERYFIKOWANE","instagram.com login-wall; imginn.com/picuki.com 403; dumpor.io JS-wall","Instagram zwraca login-wall dla niezalogowanych zapytan (potwierdzone na probce: benvenuti_pizza, proza_bistro, americandreamradom, lubudububar, faraon_kebab_radom - zawsze identyczna generyczna strona logowania bez danych profilu); mirrory imginn.com i picuki.com zwracaja 403 Forbidden; dumpor.io wymaga JS-owej weryfikacji (Cloudflare), niedostepnej dla fetchera. Metoda 3 (restaurantguru/strona WWW) sprawdzona na probce - niewiarygodna/nieskalowalna w limicie czasu (np. restaurantguru zwraca 404 dla wyszukiwan, a strony WWW lokali rzadko linkuja bezposrednio do IG). Brak potwierdzenia w czasie 15 minut."
"@cafetta.rzeszow","Cafetta","Rzeszów","NIEZWERYFIKOWANE","instagram.com login-wall; imginn.com/picuki.com 403; dumpor.io JS-wall","Instagram zwraca login-wall dla niezalogowanych zapytan (potwierdzone na probce: benvenuti_pizza, proza_bistro, americandreamradom, lubudububar, faraon_kebab_radom - zawsze identyczna generyczna strona logowania bez danych profilu); mirrory imginn.com i picuki.com zwracaja 403 Forbidden; dumpor.io wymaga JS-owej weryfikacji (Cloudflare), niedostepnej dla fetchera. Metoda 3 (restaurantguru/strona WWW) sprawdzona na probce - niewiarygodna/nieskalowalna w limicie czasu (np. restaurantguru zwraca 404 dla wyszukiwan, a strony WWW lokali rzadko linkuja bezposrednio do IG). Brak potwierdzenia w czasie 15 minut."
"@niebowmiescie.rzeszow","Niebo w Mieście","Rzeszów","NIEZWERYFIKOWANE","instagram.com login-wall; imginn.com/picuki.com 403; dumpor.io JS-wall","Instagram zwraca login-wall dla niezalogowanych zapytan (potwierdzone na probce: benvenuti_pizza, proza_bistro, americandreamradom, lubudububar, faraon_kebab_radom - zawsze identyczna generyczna strona logowania bez danych profilu); mirrory imginn.com i picuki.com zwracaja 403 Forbidden; dumpor.io wymaga JS-owej weryfikacji (Cloudflare), niedostepnej dla fetchera. Metoda 3 (restaurantguru/strona WWW) sprawdzona na probce - niewiarygodna/nieskalowalna w limicie czasu (np. restaurantguru zwraca 404 dla wyszukiwan, a strony WWW lokali rzadko linkuja bezposrednio do IG). Brak potwierdzenia w czasie 15 minut."
"@coffeina_rz","Coffeina","Rzeszów","NIEZWERYFIKOWANE","instagram.com login-wall; imginn.com/picuki.com 403; dumpor.io JS-wall","Instagram zwraca login-wall dla niezalogowanych zapytan (potwierdzone na probce: benvenuti_pizza, proza_bistro, americandreamradom, lubudububar, faraon_kebab_radom - zawsze identyczna generyczna strona logowania bez danych profilu); mirrory imginn.com i picuki.com zwracaja 403 Forbidden; dumpor.io wymaga JS-owej weryfikacji (Cloudflare), niedostepnej dla fetchera. Metoda 3 (restaurantguru/strona WWW) sprawdzona na probce - niewiarygodna/nieskalowalna w limicie czasu (np. restaurantguru zwraca 404 dla wyszukiwan, a strony WWW lokali rzadko linkuja bezposrednio do IG). Brak potwierdzenia w czasie 15 minut."
"@domstrawy","DOM sTRAWY","Kielce","NIEZWERYFIKOWANE","instagram.com login-wall; imginn.com/picuki.com 403; dumpor.io JS-wall","Instagram zwraca login-wall dla niezalogowanych zapytan (potwierdzone na probce: benvenuti_pizza, proza_bistro, americandreamradom, lubudububar, faraon_kebab_radom - zawsze identyczna generyczna strona logowania bez danych profilu); mirrory imginn.com i picuki.com zwracaja 403 Forbidden; dumpor.io wymaga JS-owej weryfikacji (Cloudflare), niedostepnej dla fetchera. Metoda 3 (restaurantguru/strona WWW) sprawdzona na probce - niewiarygodna/nieskalowalna w limicie czasu (np. restaurantguru zwraca 404 dla wyszukiwan, a strony WWW lokali rzadko linkuja bezposrednio do IG). Brak potwierdzenia w czasie 15 minut."
"@puszczykradom","Puszczyk kawiarnia & herbaciarnia","Radom","NIEZWERYFIKOWANE","instagram.com login-wall; imginn.com/picuki.com 403; dumpor.io JS-wall","Instagram zwraca login-wall dla niezalogowanych zapytan (potwierdzone na probce: benvenuti_pizza, proza_bistro, americandreamradom, lubudububar, faraon_kebab_radom - zawsze identyczna generyczna strona logowania bez danych profilu); mirrory imginn.com i picuki.com zwracaja 403 Forbidden; dumpor.io wymaga JS-owej weryfikacji (Cloudflare), niedostepnej dla fetchera. Metoda 3 (restaurantguru/strona WWW) sprawdzona na probce - niewiarygodna/nieskalowalna w limicie czasu (np. restaurantguru zwraca 404 dla wyszukiwan, a strony WWW lokali rzadko linkuja bezposrednio do IG). Brak potwierdzenia w czasie 15 minut."
"@fletcherhouserz","Fletcher House","Rzeszów","NIEZWERYFIKOWANE","instagram.com login-wall; imginn.com/picuki.com 403; dumpor.io JS-wall","Instagram zwraca login-wall dla niezalogowanych zapytan (potwierdzone na probce: benvenuti_pizza, proza_bistro, americandreamradom, lubudububar, faraon_kebab_radom - zawsze identyczna generyczna strona logowania bez danych profilu); mirrory imginn.com i picuki.com zwracaja 403 Forbidden; dumpor.io wymaga JS-owej weryfikacji (Cloudflare), niedostepnej dla fetchera. Metoda 3 (restaurantguru/strona WWW) sprawdzona na probce - niewiarygodna/nieskalowalna w limicie czasu (np. restaurantguru zwraca 404 dla wyszukiwan, a strony WWW lokali rzadko linkuja bezposrednio do IG). Brak potwierdzenia w czasie 15 minut."
"@redbuffaloburger","Red Buffalo Burger","Rzeszów","NIEZWERYFIKOWANE","instagram.com login-wall; imginn.com/picuki.com 403; dumpor.io JS-wall","Instagram zwraca login-wall dla niezalogowanych zapytan (potwierdzone na probce: benvenuti_pizza, proza_bistro, americandreamradom, lubudububar, faraon_kebab_radom - zawsze identyczna generyczna strona logowania bez danych profilu); mirrory imginn.com i picuki.com zwracaja 403 Forbidden; dumpor.io wymaga JS-owej weryfikacji (Cloudflare), niedostepnej dla fetchera. Metoda 3 (restaurantguru/strona WWW) sprawdzona na probce - niewiarygodna/nieskalowalna w limicie czasu (np. restaurantguru zwraca 404 dla wyszukiwan, a strony WWW lokali rzadko linkuja bezposrednio do IG). Brak potwierdzenia w czasie 15 minut."
"@_yaprak_restaurant_","YAPRaK Restaurant","Rzeszów","NIEZWERYFIKOWANE","instagram.com login-wall; imginn.com/picuki.com 403; dumpor.io JS-wall","Instagram zwraca login-wall dla niezalogowanych zapytan (potwierdzone na probce: benvenuti_pizza, proza_bistro, americandreamradom, lubudububar, faraon_kebab_radom - zawsze identyczna generyczna strona logowania bez danych profilu); mirrory imginn.com i picuki.com zwracaja 403 Forbidden; dumpor.io wymaga JS-owej weryfikacji (Cloudflare), niedostepnej dla fetchera. Metoda 3 (restaurantguru/strona WWW) sprawdzona na probce - niewiarygodna/nieskalowalna w limicie czasu (np. restaurantguru zwraca 404 dla wyszukiwan, a strony WWW lokali rzadko linkuja bezposrednio do IG). Brak potwierdzenia w czasie 15 minut."
"@lodziarnia_lodotworca","Lodziarnia Lodotwórca","Rzeszów","NIEZWERYFIKOWANE","instagram.com login-wall; imginn.com/picuki.com 403; dumpor.io JS-wall","Instagram zwraca login-wall dla niezalogowanych zapytan (potwierdzone na probce: benvenuti_pizza, proza_bistro, americandreamradom, lubudububar, faraon_kebab_radom - zawsze identyczna generyczna strona logowania bez danych profilu); mirrory imginn.com i picuki.com zwracaja 403 Forbidden; dumpor.io wymaga JS-owej weryfikacji (Cloudflare), niedostepnej dla fetchera. Metoda 3 (restaurantguru/strona WWW) sprawdzona na probce - niewiarygodna/nieskalowalna w limicie czasu (np. restaurantguru zwraca 404 dla wyszukiwan, a strony WWW lokali rzadko linkuja bezposrednio do IG). Brak potwierdzenia w czasie 15 minut."
"@pracownianaturalnegopieczywa","Pracownia Naturalnego Pieczywa","Rzeszów","NIEZWERYFIKOWANE","instagram.com login-wall; imginn.com/picuki.com 403; dumpor.io JS-wall","Instagram zwraca login-wall dla niezalogowanych zapytan (potwierdzone na probce: benvenuti_pizza, proza_bistro, americandreamradom, lubudububar, faraon_kebab_radom - zawsze identyczna generyczna strona logowania bez danych profilu); mirrory imginn.com i picuki.com zwracaja 403 Forbidden; dumpor.io wymaga JS-owej weryfikacji (Cloudflare), niedostepnej dla fetchera. Metoda 3 (restaurantguru/strona WWW) sprawdzona na probce - niewiarygodna/nieskalowalna w limicie czasu (np. restaurantguru zwraca 404 dla wyszukiwan, a strony WWW lokali rzadko linkuja bezposrednio do IG). Brak potwierdzenia w czasie 15 minut."
"@cafe_zielony_zakatek","Cafe Zielony Zakątek","Radom","NIEZWERYFIKOWANE","instagram.com login-wall; imginn.com/picuki.com 403; dumpor.io JS-wall","Instagram zwraca login-wall dla niezalogowanych zapytan (potwierdzone na probce: benvenuti_pizza, proza_bistro, americandreamradom, lubudububar, faraon_kebab_radom - zawsze identyczna generyczna strona logowania bez danych profilu); mirrory imginn.com i picuki.com zwracaja 403 Forbidden; dumpor.io wymaga JS-owej weryfikacji (Cloudflare), niedostepnej dla fetchera. Metoda 3 (restaurantguru/strona WWW) sprawdzona na probce - niewiarygodna/nieskalowalna w limicie czasu (np. restaurantguru zwraca 404 dla wyszukiwan, a strony WWW lokali rzadko linkuja bezposrednio do IG). Brak potwierdzenia w czasie 15 minut."
"@fabbropizzaradom","Fabbro Pizza Radom","Radom","NIEZWERYFIKOWANE","instagram.com login-wall; imginn.com/picuki.com 403; dumpor.io JS-wall","Instagram zwraca login-wall dla niezalogowanych zapytan (potwierdzone na probce: benvenuti_pizza, proza_bistro, americandreamradom, lubudububar, faraon_kebab_radom - zawsze identyczna generyczna strona logowania bez danych profilu); mirrory imginn.com i picuki.com zwracaja 403 Forbidden; dumpor.io wymaga JS-owej weryfikacji (Cloudflare), niedostepnej dla fetchera. Metoda 3 (restaurantguru/strona WWW) sprawdzona na probce - niewiarygodna/nieskalowalna w limicie czasu (np. restaurantguru zwraca 404 dla wyszukiwan, a strony WWW lokali rzadko linkuja bezposrednio do IG). Brak potwierdzenia w czasie 15 minut."
"@_a_noz_widelec","A nóż widelec","Radom","NIEZWERYFIKOWANE","instagram.com login-wall; imginn.com/picuki.com 403; dumpor.io JS-wall","Instagram zwraca login-wall dla niezalogowanych zapytan (potwierdzone na probce: benvenuti_pizza, proza_bistro, americandreamradom, lubudububar, faraon_kebab_radom - zawsze identyczna generyczna strona logowania bez danych profilu); mirrory imginn.com i picuki.com zwracaja 403 Forbidden; dumpor.io wymaga JS-owej weryfikacji (Cloudflare), niedostepnej dla fetchera. Metoda 3 (restaurantguru/strona WWW) sprawdzona na probce - niewiarygodna/nieskalowalna w limicie czasu (np. restaurantguru zwraca 404 dla wyszukiwan, a strony WWW lokali rzadko linkuja bezposrednio do IG). Brak potwierdzenia w czasie 15 minut."
"@8cudkielce","8Cud Kielce","Kielce","NIEZWERYFIKOWANE","instagram.com login-wall; imginn.com/picuki.com 403; dumpor.io JS-wall","Instagram zwraca login-wall dla niezalogowanych zapytan (potwierdzone na probce: benvenuti_pizza, proza_bistro, americandreamradom, lubudububar, faraon_kebab_radom - zawsze identyczna generyczna strona logowania bez danych profilu); mirrory imginn.com i picuki.com zwracaja 403 Forbidden; dumpor.io wymaga JS-owej weryfikacji (Cloudflare), niedostepnej dla fetchera. Metoda 3 (restaurantguru/strona WWW) sprawdzona na probce - niewiarygodna/nieskalowalna w limicie czasu (np. restaurantguru zwraca 404 dla wyszukiwan, a strony WWW lokali rzadko linkuja bezposrednio do IG). Brak potwierdzenia w czasie 15 minut."
"@lacrepaskielce","La Crepas Naleśnikarnia","Kielce","NIEZWERYFIKOWANE","instagram.com login-wall; imginn.com/picuki.com 403; dumpor.io JS-wall","Instagram zwraca login-wall dla niezalogowanych zapytan (potwierdzone na probce: benvenuti_pizza, proza_bistro, americandreamradom, lubudububar, faraon_kebab_radom - zawsze identyczna generyczna strona logowania bez danych profilu); mirrory imginn.com i picuki.com zwracaja 403 Forbidden; dumpor.io wymaga JS-owej weryfikacji (Cloudflare), niedostepnej dla fetchera. Metoda 3 (restaurantguru/strona WWW) sprawdzona na probce - niewiarygodna/nieskalowalna w limicie czasu (np. restaurantguru zwraca 404 dla wyszukiwan, a strony WWW lokali rzadko linkuja bezposrednio do IG). Brak potwierdzenia w czasie 15 minut."
"@ukucharek","Pierogarnia U Kucharek","Lublin","NIEZWERYFIKOWANE","instagram.com login-wall; imginn.com/picuki.com 403; dumpor.io JS-wall","Instagram zwraca login-wall dla niezalogowanych zapytan (potwierdzone na probce: benvenuti_pizza, proza_bistro, americandreamradom, lubudububar, faraon_kebab_radom - zawsze identyczna generyczna strona logowania bez danych profilu); mirrory imginn.com i picuki.com zwracaja 403 Forbidden; dumpor.io wymaga JS-owej weryfikacji (Cloudflare), niedostepnej dla fetchera. Metoda 3 (restaurantguru/strona WWW) sprawdzona na probce - niewiarygodna/nieskalowalna w limicie czasu (np. restaurantguru zwraca 404 dla wyszukiwan, a strony WWW lokali rzadko linkuja bezposrednio do IG). Brak potwierdzenia w czasie 15 minut."
"@indianpalacerestaurantlublin","Indian Palace Restaurant","Lublin","NIEZWERYFIKOWANE","instagram.com login-wall; imginn.com/picuki.com 403; dumpor.io JS-wall","Instagram zwraca login-wall dla niezalogowanych zapytan (potwierdzone na probce: benvenuti_pizza, proza_bistro, americandreamradom, lubudububar, faraon_kebab_radom - zawsze identyczna generyczna strona logowania bez danych profilu); mirrory imginn.com i picuki.com zwracaja 403 Forbidden; dumpor.io wymaga JS-owej weryfikacji (Cloudflare), niedostepnej dla fetchera. Metoda 3 (restaurantguru/strona WWW) sprawdzona na probce - niewiarygodna/nieskalowalna w limicie czasu (np. restaurantguru zwraca 404 dla wyszukiwan, a strony WWW lokali rzadko linkuja bezposrednio do IG). Brak potwierdzenia w czasie 15 minut."
"@chrupko.lbn","CHRUPKO","Lublin","NIEZWERYFIKOWANE","instagram.com login-wall; imginn.com/picuki.com 403; dumpor.io JS-wall","Instagram zwraca login-wall dla niezalogowanych zapytan (potwierdzone na probce: benvenuti_pizza, proza_bistro, americandreamradom, lubudububar, faraon_kebab_radom - zawsze identyczna generyczna strona logowania bez danych profilu); mirrory imginn.com i picuki.com zwracaja 403 Forbidden; dumpor.io wymaga JS-owej weryfikacji (Cloudflare), niedostepnej dla fetchera. Metoda 3 (restaurantguru/strona WWW) sprawdzona na probce - niewiarygodna/nieskalowalna w limicie czasu (np. restaurantguru zwraca 404 dla wyszukiwan, a strony WWW lokali rzadko linkuja bezposrednio do IG). Brak potwierdzenia w czasie 15 minut."
"@bistrotancereczka","Bistro Tancereczka","Lublin","NIEZWERYFIKOWANE","instagram.com login-wall; imginn.com/picuki.com 403; dumpor.io JS-wall","Instagram zwraca login-wall dla niezalogowanych zapytan (potwierdzone na probce: benvenuti_pizza, proza_bistro, americandreamradom, lubudububar, faraon_kebab_radom - zawsze identyczna generyczna strona logowania bez danych profilu); mirrory imginn.com i picuki.com zwracaja 403 Forbidden; dumpor.io wymaga JS-owej weryfikacji (Cloudflare), niedostepnej dla fetchera. Metoda 3 (restaurantguru/strona WWW) sprawdzona na probce - niewiarygodna/nieskalowalna w limicie czasu (np. restaurantguru zwraca 404 dla wyszukiwan, a strony WWW lokali rzadko linkuja bezposrednio do IG). Brak potwierdzenia w czasie 15 minut."
"@wulkan.ciastka","Wulkan Cukiernia i Garmażernia","Krosno","NIEZWERYFIKOWANE","instagram.com login-wall; imginn.com/picuki.com 403; dumpor.io JS-wall","Instagram zwraca login-wall dla niezalogowanych zapytan (potwierdzone na probce: benvenuti_pizza, proza_bistro, americandreamradom, lubudububar, faraon_kebab_radom - zawsze identyczna generyczna strona logowania bez danych profilu); mirrory imginn.com i picuki.com zwracaja 403 Forbidden; dumpor.io wymaga JS-owej weryfikacji (Cloudflare), niedostepnej dla fetchera. Metoda 3 (restaurantguru/strona WWW) sprawdzona na probce - niewiarygodna/nieskalowalna w limicie czasu (np. restaurantguru zwraca 404 dla wyszukiwan, a strony WWW lokali rzadko linkuja bezposrednio do IG). Brak potwierdzenia w czasie 15 minut."
"@novasushilublin","Nova Sushi Lublin","Lublin","NIEZWERYFIKOWANE","instagram.com login-wall; imginn.com/picuki.com 403; dumpor.io JS-wall","Instagram zwraca login-wall dla niezalogowanych zapytan (potwierdzone na probce: benvenuti_pizza, proza_bistro, americandreamradom, lubudububar, faraon_kebab_radom - zawsze identyczna generyczna strona logowania bez danych profilu); mirrory imginn.com i picuki.com zwracaja 403 Forbidden; dumpor.io wymaga JS-owej weryfikacji (Cloudflare), niedostepnej dla fetchera. Metoda 3 (restaurantguru/strona WWW) sprawdzona na probce - niewiarygodna/nieskalowalna w limicie czasu (np. restaurantguru zwraca 404 dla wyszukiwan, a strony WWW lokali rzadko linkuja bezposrednio do IG). Brak potwierdzenia w czasie 15 minut."
"@cukierniadorotkakielce","Cukiernia Dorotka","Kielce","NIEZWERYFIKOWANE","instagram.com login-wall; imginn.com/picuki.com 403; dumpor.io JS-wall","Instagram zwraca login-wall dla niezalogowanych zapytan (potwierdzone na probce: benvenuti_pizza, proza_bistro, americandreamradom, lubudububar, faraon_kebab_radom - zawsze identyczna generyczna strona logowania bez danych profilu); mirrory imginn.com i picuki.com zwracaja 403 Forbidden; dumpor.io wymaga JS-owej weryfikacji (Cloudflare), niedostepnej dla fetchera. Metoda 3 (restaurantguru/strona WWW) sprawdzona na probce - niewiarygodna/nieskalowalna w limicie czasu (np. restaurantguru zwraca 404 dla wyszukiwan, a strony WWW lokali rzadko linkuja bezposrednio do IG). Brak potwierdzenia w czasie 15 minut."
"@lukullus_warszawa","Cukiernia Lukullus","Warszawa","NIEZWERYFIKOWANE","instagram.com login-wall; imginn.com/picuki.com 403; dumpor.io JS-wall","Instagram zwraca login-wall dla niezalogowanych zapytan (potwierdzone na probce: benvenuti_pizza, proza_bistro, americandreamradom, lubudububar, faraon_kebab_radom - zawsze identyczna generyczna strona logowania bez danych profilu); mirrory imginn.com i picuki.com zwracaja 403 Forbidden; dumpor.io wymaga JS-owej weryfikacji (Cloudflare), niedostepnej dla fetchera. Metoda 3 (restaurantguru/strona WWW) sprawdzona na probce - niewiarygodna/nieskalowalna w limicie czasu (np. restaurantguru zwraca 404 dla wyszukiwan, a strony WWW lokali rzadko linkuja bezposrednio do IG). Brak potwierdzenia w czasie 15 minut."
"@crazybubble_lublin_plaza","Crazy Bubble Lublin Plaza","Lublin","NIEZWERYFIKOWANE","instagram.com login-wall; imginn.com/picuki.com 403; dumpor.io JS-wall","Instagram zwraca login-wall dla niezalogowanych zapytan (potwierdzone na probce: benvenuti_pizza, proza_bistro, americandreamradom, lubudububar, faraon_kebab_radom - zawsze identyczna generyczna strona logowania bez danych profilu); mirrory imginn.com i picuki.com zwracaja 403 Forbidden; dumpor.io wymaga JS-owej weryfikacji (Cloudflare), niedostepnej dla fetchera. Metoda 3 (restaurantguru/strona WWW) sprawdzona na probce - niewiarygodna/nieskalowalna w limicie czasu (np. restaurantguru zwraca 404 dla wyszukiwan, a strony WWW lokali rzadko linkuja bezposrednio do IG). Brak potwierdzenia w czasie 15 minut."
"@kawiarniawidokowka","Kawiarnia Widokówka","Biłgoraj","NIEZWERYFIKOWANE","instagram.com login-wall; imginn.com/picuki.com 403; dumpor.io JS-wall","Instagram zwraca login-wall dla niezalogowanych zapytan (potwierdzone na probce: benvenuti_pizza, proza_bistro, americandreamradom, lubudububar, faraon_kebab_radom - zawsze identyczna generyczna strona logowania bez danych profilu); mirrory imginn.com i picuki.com zwracaja 403 Forbidden; dumpor.io wymaga JS-owej weryfikacji (Cloudflare), niedostepnej dla fetchera. Metoda 3 (restaurantguru/strona WWW) sprawdzona na probce - niewiarygodna/nieskalowalna w limicie czasu (np. restaurantguru zwraca 404 dla wyszukiwan, a strony WWW lokali rzadko linkuja bezposrednio do IG). Brak potwierdzenia w czasie 15 minut."
"@kulanica","Kulanica Bakery & Café","Biłgoraj","NIEZWERYFIKOWANE","instagram.com login-wall; imginn.com/picuki.com 403; dumpor.io JS-wall","Instagram zwraca login-wall dla niezalogowanych zapytan (potwierdzone na probce: benvenuti_pizza, proza_bistro, americandreamradom, lubudububar, faraon_kebab_radom - zawsze identyczna generyczna strona logowania bez danych profilu); mirrory imginn.com i picuki.com zwracaja 403 Forbidden; dumpor.io wymaga JS-owej weryfikacji (Cloudflare), niedostepnej dla fetchera. Metoda 3 (restaurantguru/strona WWW) sprawdzona na probce - niewiarygodna/nieskalowalna w limicie czasu (np. restaurantguru zwraca 404 dla wyszukiwan, a strony WWW lokali rzadko linkuja bezposrednio do IG). Brak potwierdzenia w czasie 15 minut."
"@paracoffeeandmore","para coffee and more","Kraśnik","NIEZWERYFIKOWANE","instagram.com login-wall; imginn.com/picuki.com 403; dumpor.io JS-wall","Instagram zwraca login-wall dla niezalogowanych zapytan (potwierdzone na probce: benvenuti_pizza, proza_bistro, americandreamradom, lubudububar, faraon_kebab_radom - zawsze identyczna generyczna strona logowania bez danych profilu); mirrory imginn.com i picuki.com zwracaja 403 Forbidden; dumpor.io wymaga JS-owej weryfikacji (Cloudflare), niedostepnej dla fetchera. Metoda 3 (restaurantguru/strona WWW) sprawdzona na probce - niewiarygodna/nieskalowalna w limicie czasu (np. restaurantguru zwraca 404 dla wyszukiwan, a strony WWW lokali rzadko linkuja bezposrednio do IG). Brak potwierdzenia w czasie 15 minut."
"@piekarniacukierniasmaga","Piekarnia-Cukiernia SMAGA","Opole Lubelskie","NIEZWERYFIKOWANE","instagram.com login-wall; imginn.com/picuki.com 403; dumpor.io JS-wall","Instagram zwraca login-wall dla niezalogowanych zapytan (potwierdzone na probce: benvenuti_pizza, proza_bistro, americandreamradom, lubudububar, faraon_kebab_radom - zawsze identyczna generyczna strona logowania bez danych profilu); mirrory imginn.com i picuki.com zwracaja 403 Forbidden; dumpor.io wymaga JS-owej weryfikacji (Cloudflare), niedostepnej dla fetchera. Metoda 3 (restaurantguru/strona WWW) sprawdzona na probce - niewiarygodna/nieskalowalna w limicie czasu (np. restaurantguru zwraca 404 dla wyszukiwan, a strony WWW lokali rzadko linkuja bezposrednio do IG). Brak potwierdzenia w czasie 15 minut."
"@bulkarnia","Bułkarnia Piekarnia Kawiarnia","Lublin","NIEZWERYFIKOWANE","instagram.com login-wall; imginn.com/picuki.com 403; dumpor.io JS-wall","Instagram zwraca login-wall dla niezalogowanych zapytan (potwierdzone na probce: benvenuti_pizza, proza_bistro, americandreamradom, lubudububar, faraon_kebab_radom - zawsze identyczna generyczna strona logowania bez danych profilu); mirrory imginn.com i picuki.com zwracaja 403 Forbidden; dumpor.io wymaga JS-owej weryfikacji (Cloudflare), niedostepnej dla fetchera. Metoda 3 (restaurantguru/strona WWW) sprawdzona na probce - niewiarygodna/nieskalowalna w limicie czasu (np. restaurantguru zwraca 404 dla wyszukiwan, a strony WWW lokali rzadko linkuja bezposrednio do IG). Brak potwierdzenia w czasie 15 minut."
"@game_of_coffee_","Game of Coffee","Lublin","NIEZWERYFIKOWANE","instagram.com login-wall; imginn.com/picuki.com 403; dumpor.io JS-wall","Instagram zwraca login-wall dla niezalogowanych zapytan (potwierdzone na probce: benvenuti_pizza, proza_bistro, americandreamradom, lubudububar, faraon_kebab_radom - zawsze identyczna generyczna strona logowania bez danych profilu); mirrory imginn.com i picuki.com zwracaja 403 Forbidden; dumpor.io wymaga JS-owej weryfikacji (Cloudflare), niedostepnej dla fetchera. Metoda 3 (restaurantguru/strona WWW) sprawdzona na probce - niewiarygodna/nieskalowalna w limicie czasu (np. restaurantguru zwraca 404 dla wyszukiwan, a strony WWW lokali rzadko linkuja bezposrednio do IG). Brak potwierdzenia w czasie 15 minut."
"@chapter_one_lublin","Chapter One by Piotr Kwiatosz","Lublin","NIEZWERYFIKOWANE","instagram.com login-wall; imginn.com/picuki.com 403; dumpor.io JS-wall","Instagram zwraca login-wall dla niezalogowanych zapytan (potwierdzone na probce: benvenuti_pizza, proza_bistro, americandreamradom, lubudububar, faraon_kebab_radom - zawsze identyczna generyczna strona logowania bez danych profilu); mirrory imginn.com i picuki.com zwracaja 403 Forbidden; dumpor.io wymaga JS-owej weryfikacji (Cloudflare), niedostepnej dla fetchera. Metoda 3 (restaurantguru/strona WWW) sprawdzona na probce - niewiarygodna/nieskalowalna w limicie czasu (np. restaurantguru zwraca 404 dla wyszukiwan, a strony WWW lokali rzadko linkuja bezposrednio do IG). Brak potwierdzenia w czasie 15 minut."
"@grande_appetito","Grande Appetito","Lublin","NIEZWERYFIKOWANE","instagram.com login-wall; imginn.com/picuki.com 403; dumpor.io JS-wall","Instagram zwraca login-wall dla niezalogowanych zapytan (potwierdzone na probce: benvenuti_pizza, proza_bistro, americandreamradom, lubudububar, faraon_kebab_radom - zawsze identyczna generyczna strona logowania bez danych profilu); mirrory imginn.com i picuki.com zwracaja 403 Forbidden; dumpor.io wymaga JS-owej weryfikacji (Cloudflare), niedostepnej dla fetchera. Metoda 3 (restaurantguru/strona WWW) sprawdzona na probce - niewiarygodna/nieskalowalna w limicie czasu (np. restaurantguru zwraca 404 dla wyszukiwan, a strony WWW lokali rzadko linkuja bezposrednio do IG). Brak potwierdzenia w czasie 15 minut."
"@lapuri.lublin","La Puri Gruzińska Piekarnia Lublin","Lublin","NIEZWERYFIKOWANE","instagram.com login-wall; imginn.com/picuki.com 403; dumpor.io JS-wall","Instagram zwraca login-wall dla niezalogowanych zapytan (potwierdzone na probce: benvenuti_pizza, proza_bistro, americandreamradom, lubudububar, faraon_kebab_radom - zawsze identyczna generyczna strona logowania bez danych profilu); mirrory imginn.com i picuki.com zwracaja 403 Forbidden; dumpor.io wymaga JS-owej weryfikacji (Cloudflare), niedostepnej dla fetchera. Metoda 3 (restaurantguru/strona WWW) sprawdzona na probce - niewiarygodna/nieskalowalna w limicie czasu (np. restaurantguru zwraca 404 dla wyszukiwan, a strony WWW lokali rzadko linkuja bezposrednio do IG). Brak potwierdzenia w czasie 15 minut."
"@noto.sushi.lublin","NOTO Sushi Lublin","Lublin","NIEZWERYFIKOWANE","instagram.com login-wall; imginn.com/picuki.com 403; dumpor.io JS-wall","Instagram zwraca login-wall dla niezalogowanych zapytan (potwierdzone na probce: benvenuti_pizza, proza_bistro, americandreamradom, lubudububar, faraon_kebab_radom - zawsze identyczna generyczna strona logowania bez danych profilu); mirrory imginn.com i picuki.com zwracaja 403 Forbidden; dumpor.io wymaga JS-owej weryfikacji (Cloudflare), niedostepnej dla fetchera. Metoda 3 (restaurantguru/strona WWW) sprawdzona na probce - niewiarygodna/nieskalowalna w limicie czasu (np. restaurantguru zwraca 404 dla wyszukiwan, a strony WWW lokali rzadko linkuja bezposrednio do IG). Brak potwierdzenia w czasie 15 minut."
"@pandasushilublin","Panda Sushi Lublin","Lublin","NIEZWERYFIKOWANE","instagram.com login-wall; imginn.com/picuki.com 403; dumpor.io JS-wall","Instagram zwraca login-wall dla niezalogowanych zapytan (potwierdzone na probce: benvenuti_pizza, proza_bistro, americandreamradom, lubudububar, faraon_kebab_radom - zawsze identyczna generyczna strona logowania bez danych profilu); mirrory imginn.com i picuki.com zwracaja 403 Forbidden; dumpor.io wymaga JS-owej weryfikacji (Cloudflare), niedostepnej dla fetchera. Metoda 3 (restaurantguru/strona WWW) sprawdzona na probce - niewiarygodna/nieskalowalna w limicie czasu (np. restaurantguru zwraca 404 dla wyszukiwan, a strony WWW lokali rzadko linkuja bezposrednio do IG). Brak potwierdzenia w czasie 15 minut."
"@ricetta_lublin","Ricetta Trattoria","Lublin","NIEZWERYFIKOWANE","instagram.com login-wall; imginn.com/picuki.com 403; dumpor.io JS-wall","Instagram zwraca login-wall dla niezalogowanych zapytan (potwierdzone na probce: benvenuti_pizza, proza_bistro, americandreamradom, lubudububar, faraon_kebab_radom - zawsze identyczna generyczna strona logowania bez danych profilu); mirrory imginn.com i picuki.com zwracaja 403 Forbidden; dumpor.io wymaga JS-owej weryfikacji (Cloudflare), niedostepnej dla fetchera. Metoda 3 (restaurantguru/strona WWW) sprawdzona na probce - niewiarygodna/nieskalowalna w limicie czasu (np. restaurantguru zwraca 404 dla wyszukiwan, a strony WWW lokali rzadko linkuja bezposrednio do IG). Brak potwierdzenia w czasie 15 minut."
"@pizzeria.planeta.6b","Pizzeria Planeta","Lublin","NIEZWERYFIKOWANE","instagram.com login-wall; imginn.com/picuki.com 403; dumpor.io JS-wall","Instagram zwraca login-wall dla niezalogowanych zapytan (potwierdzone na probce: benvenuti_pizza, proza_bistro, americandreamradom, lubudububar, faraon_kebab_radom - zawsze identyczna generyczna strona logowania bez danych profilu); mirrory imginn.com i picuki.com zwracaja 403 Forbidden; dumpor.io wymaga JS-owej weryfikacji (Cloudflare), niedostepnej dla fetchera. Metoda 3 (restaurantguru/strona WWW) sprawdzona na probce - niewiarygodna/nieskalowalna w limicie czasu (np. restaurantguru zwraca 404 dla wyszukiwan, a strony WWW lokali rzadko linkuja bezposrednio do IG). Brak potwierdzenia w czasie 15 minut."
"@restauracjakulturalna","Kulturalna","Lublin","NIEZWERYFIKOWANE","instagram.com login-wall; imginn.com/picuki.com 403; dumpor.io JS-wall","Instagram zwraca login-wall dla niezalogowanych zapytan (potwierdzone na probce: benvenuti_pizza, proza_bistro, americandreamradom, lubudububar, faraon_kebab_radom - zawsze identyczna generyczna strona logowania bez danych profilu); mirrory imginn.com i picuki.com zwracaja 403 Forbidden; dumpor.io wymaga JS-owej weryfikacji (Cloudflare), niedostepnej dla fetchera. Metoda 3 (restaurantguru/strona WWW) sprawdzona na probce - niewiarygodna/nieskalowalna w limicie czasu (np. restaurantguru zwraca 404 dla wyszukiwan, a strony WWW lokali rzadko linkuja bezposrednio do IG). Brak potwierdzenia w czasie 15 minut."
"@restauracja_nieznana_","Nieznana","Lublin","NIEZWERYFIKOWANE","instagram.com login-wall; imginn.com/picuki.com 403; dumpor.io JS-wall","Instagram zwraca login-wall dla niezalogowanych zapytan (potwierdzone na probce: benvenuti_pizza, proza_bistro, americandreamradom, lubudububar, faraon_kebab_radom - zawsze identyczna generyczna strona logowania bez danych profilu); mirrory imginn.com i picuki.com zwracaja 403 Forbidden; dumpor.io wymaga JS-owej weryfikacji (Cloudflare), niedostepnej dla fetchera. Metoda 3 (restaurantguru/strona WWW) sprawdzona na probce - niewiarygodna/nieskalowalna w limicie czasu (np. restaurantguru zwraca 404 dla wyszukiwan, a strony WWW lokali rzadko linkuja bezposrednio do IG). Brak potwierdzenia w czasie 15 minut."
"@salti_restauracja_pizzeria","Salti Restauracja Pizzeria","Lublin","NIEZWERYFIKOWANE","instagram.com login-wall; imginn.com/picuki.com 403; dumpor.io JS-wall","Instagram zwraca login-wall dla niezalogowanych zapytan (potwierdzone na probce: benvenuti_pizza, proza_bistro, americandreamradom, lubudububar, faraon_kebab_radom - zawsze identyczna generyczna strona logowania bez danych profilu); mirrory imginn.com i picuki.com zwracaja 403 Forbidden; dumpor.io wymaga JS-owej weryfikacji (Cloudflare), niedostepnej dla fetchera. Metoda 3 (restaurantguru/strona WWW) sprawdzona na probce - niewiarygodna/nieskalowalna w limicie czasu (np. restaurantguru zwraca 404 dla wyszukiwan, a strony WWW lokali rzadko linkuja bezposrednio do IG). Brak potwierdzenia w czasie 15 minut."
"@studnialublin","Studnia","Lublin","NIEZWERYFIKOWANE","instagram.com login-wall; imginn.com/picuki.com 403; dumpor.io JS-wall","Instagram zwraca login-wall dla niezalogowanych zapytan (potwierdzone na probce: benvenuti_pizza, proza_bistro, americandreamradom, lubudububar, faraon_kebab_radom - zawsze identyczna generyczna strona logowania bez danych profilu); mirrory imginn.com i picuki.com zwracaja 403 Forbidden; dumpor.io wymaga JS-owej weryfikacji (Cloudflare), niedostepnej dla fetchera. Metoda 3 (restaurantguru/strona WWW) sprawdzona na probce - niewiarygodna/nieskalowalna w limicie czasu (np. restaurantguru zwraca 404 dla wyszukiwan, a strony WWW lokali rzadko linkuja bezposrednio do IG). Brak potwierdzenia w czasie 15 minut."
"@padbar_lublin","PadBar","Lublin","NIEZWERYFIKOWANE","instagram.com login-wall; imginn.com/picuki.com 403; dumpor.io JS-wall","Instagram zwraca login-wall dla niezalogowanych zapytan (potwierdzone na probce: benvenuti_pizza, proza_bistro, americandreamradom, lubudububar, faraon_kebab_radom - zawsze identyczna generyczna strona logowania bez danych profilu); mirrory imginn.com i picuki.com zwracaja 403 Forbidden; dumpor.io wymaga JS-owej weryfikacji (Cloudflare), niedostepnej dla fetchera. Metoda 3 (restaurantguru/strona WWW) sprawdzona na probce - niewiarygodna/nieskalowalna w limicie czasu (np. restaurantguru zwraca 404 dla wyszukiwan, a strony WWW lokali rzadko linkuja bezposrednio do IG). Brak potwierdzenia w czasie 15 minut."
"@karczmakocanka","Karczma Kocanka","Lublin","NIEZWERYFIKOWANE","instagram.com login-wall; imginn.com/picuki.com 403; dumpor.io JS-wall","Instagram zwraca login-wall dla niezalogowanych zapytan (potwierdzone na probce: benvenuti_pizza, proza_bistro, americandreamradom, lubudububar, faraon_kebab_radom - zawsze identyczna generyczna strona logowania bez danych profilu); mirrory imginn.com i picuki.com zwracaja 403 Forbidden; dumpor.io wymaga JS-owej weryfikacji (Cloudflare), niedostepnej dla fetchera. Metoda 3 (restaurantguru/strona WWW) sprawdzona na probce - niewiarygodna/nieskalowalna w limicie czasu (np. restaurantguru zwraca 404 dla wyszukiwan, a strony WWW lokali rzadko linkuja bezposrednio do IG). Brak potwierdzenia w czasie 15 minut."
"@restauracja_zielony_wiatrak","Zielony Wiatrak","Lublin","NIEZWERYFIKOWANE","instagram.com login-wall; imginn.com/picuki.com 403; dumpor.io JS-wall","Instagram zwraca login-wall dla niezalogowanych zapytan (potwierdzone na probce: benvenuti_pizza, proza_bistro, americandreamradom, lubudububar, faraon_kebab_radom - zawsze identyczna generyczna strona logowania bez danych profilu); mirrory imginn.com i picuki.com zwracaja 403 Forbidden; dumpor.io wymaga JS-owej weryfikacji (Cloudflare), niedostepnej dla fetchera. Metoda 3 (restaurantguru/strona WWW) sprawdzona na probce - niewiarygodna/nieskalowalna w limicie czasu (np. restaurantguru zwraca 404 dla wyszukiwan, a strony WWW lokali rzadko linkuja bezposrednio do IG). Brak potwierdzenia w czasie 15 minut."
"@restauracja_skladanka","Składanka Restauracja i Delikatesy","Lublin","NIEZWERYFIKOWANE","instagram.com login-wall; imginn.com/picuki.com 403; dumpor.io JS-wall","Instagram zwraca login-wall dla niezalogowanych zapytan (potwierdzone na probce: benvenuti_pizza, proza_bistro, americandreamradom, lubudububar, faraon_kebab_radom - zawsze identyczna generyczna strona logowania bez danych profilu); mirrory imginn.com i picuki.com zwracaja 403 Forbidden; dumpor.io wymaga JS-owej weryfikacji (Cloudflare), niedostepnej dla fetchera. Metoda 3 (restaurantguru/strona WWW) sprawdzona na probce - niewiarygodna/nieskalowalna w limicie czasu (np. restaurantguru zwraca 404 dla wyszukiwan, a strony WWW lokali rzadko linkuja bezposrednio do IG). Brak potwierdzenia w czasie 15 minut."
"@atelierpysznoscilublin","Atelier Pyszności","Lublin","NIEZWERYFIKOWANE","instagram.com login-wall; imginn.com/picuki.com 403; dumpor.io JS-wall","Instagram zwraca login-wall dla niezalogowanych zapytan (potwierdzone na probce: benvenuti_pizza, proza_bistro, americandreamradom, lubudububar, faraon_kebab_radom - zawsze identyczna generyczna strona logowania bez danych profilu); mirrory imginn.com i picuki.com zwracaja 403 Forbidden; dumpor.io wymaga JS-owej weryfikacji (Cloudflare), niedostepnej dla fetchera. Metoda 3 (restaurantguru/strona WWW) sprawdzona na probce - niewiarygodna/nieskalowalna w limicie czasu (np. restaurantguru zwraca 404 dla wyszukiwan, a strony WWW lokali rzadko linkuja bezposrednio do IG). Brak potwierdzenia w czasie 15 minut."
"@restauracja_bianco_lublin","Restauracja Bianco","Lublin","NIEZWERYFIKOWANE","instagram.com login-wall; imginn.com/picuki.com 403; dumpor.io JS-wall","Instagram zwraca login-wall dla niezalogowanych zapytan (potwierdzone na probce: benvenuti_pizza, proza_bistro, americandreamradom, lubudububar, faraon_kebab_radom - zawsze identyczna generyczna strona logowania bez danych profilu); mirrory imginn.com i picuki.com zwracaja 403 Forbidden; dumpor.io wymaga JS-owej weryfikacji (Cloudflare), niedostepnej dla fetchera. Metoda 3 (restaurantguru/strona WWW) sprawdzona na probce - niewiarygodna/nieskalowalna w limicie czasu (np. restaurantguru zwraca 404 dla wyszukiwan, a strony WWW lokali rzadko linkuja bezposrednio do IG). Brak potwierdzenia w czasie 15 minut."
